user,team,week,ec,1stf,ATW,6pack,3rdf,Donation,qs,2ndf,popup,WO Q,QS Q,hardsh!t,ao_list
Derailed,Blitzen,0,,,,,,,,,,,,,
Derailed,Blitzen,1,8,9,,,,,,,,,,,"the-colosseum, the-grove"
Derailed,Blitzen,2,,,,,,,,,,,,,
Derailed,Blitzen,3,,,,,,,,,,,,,
Derailed,Blitzen,4,,,,,,,,,,,,,
Derailed,Blitzen,5,,,,,,,,,,,,,
Derailed,Blitzen,6,,,,,,,,,,,,,
Foundation,Blitzen,0,,,,,,,,,,,,,
Foundation,Blitzen,1,2,,,,,,,,,,,,
Foundation,Blitzen,2,,,,,,,,,,,,,
Foundation,Blitzen,3,,,,,,,,,,,,,
Foundation,Blitzen,4,,,,,,,,,,,,,
Foundation,Blitzen,5,,,,,,,,,,,,,
Foundation,Blitzen,6,,,,,,,,,,,,,
Gopher,Blitzen,0,,3,,,,,,5,,,,,the-colosseum
Gopher,Blitzen,1,3,6,,,,,,,,,,,"the-colosseum, the-ridge"
Gopher,Blitzen,2,,,,,,,,,,,,,
Gopher,Blitzen,3,,,,,,,,,,,,,
Gopher,Blitzen,4,,,,,,,,,,,,,
Gopher,Blitzen,5,,,,,,,,,,,,,
Gopher,Blitzen,6,,,,,,,,,,,,,
Ink Jet,Blitzen,0,,,,,,,,,,,,,
Ink Jet,Blitzen,1,,,,,,,,,,,,,
Ink Jet,Blitzen,2,,,,,,,,,,,,,
Ink Jet,Blitzen,3,,,,,,,,,,,,,
Ink Jet,Blitzen,4,,,,,,,,,,,,,
Ink Jet,Blitzen,5,,,,,,,,,,,,,
Ink Jet,Blitzen,6,,,,,,,,,,,,,
Intern,Blitzen,0,,,,,,,,,,,,,
Intern,Blitzen,1,,,,,,,,,,,,,
Intern,Blitzen,2,,,,,,,,,,,,,
Intern,Blitzen,3,,,,,,,,,,,,,
Intern,Blitzen,4,,,,,,,,,,,,,
Intern,Blitzen,5,,,,,,,,,,,,,
Intern,Blitzen,6,,,,,,,,,,,,,
Just Dance,Blitzen,0,3,6,,,,,,5,,,,,the-colosseum
Just Dance,Blitzen,1,9,9,,,,,,,3,,,,"the-colosseum, the-grove, the-ridge"
Just Dance,Blitzen,2,,,,,,,,,,,,,
Just Dance,Blitzen,3,,,,,,,,,,,,,
Just Dance,Blitzen,4,,,,,,,,,,,,,
Just Dance,Blitzen,5,,,,,,,,,,,,,
Just Dance,Blitzen,6,,,,,,,,,,,,,
Kidney Beans,Blitzen,0,,3,,,,,,5,,,,,the-colosseum
Kidney Beans,Blitzen,1,6,9,,,,,,,,,,,"el-coyote, the-colosseum, the-grove"
Kidney Beans,Blitzen,2,,,,,,,,,,,,,
Kidney Beans,Blitzen,3,,,,,,,,,,,,,
Kidney Beans,Blitzen,4,,,,,,,,,,,,,
Kidney Beans,Blitzen,5,,,,,,,,,,,,,
Kidney Beans,Blitzen,6,,,,,,,,,,,,,
Morticia,Blitzen,0,,3,,,,,,5,,,,,the-colosseum
Morticia,Blitzen,1,3,12,,,,,,,,,,,"dmz, the-colosseum, the-grove, the-ridge"
Morticia,Blitzen,2,,,,,,,,,,,,,
Morticia,Blitzen,3,,,,,,,,,,,,,
Morticia,Blitzen,4,,,,,,,,,,,,,
Morticia,Blitzen,5,,,,,,,,,,,,,
Morticia,Blitzen,6,,,,,,,,,,,,,
Pee Wee Herman,Blitzen,0,,6,,,,,,5,,,,,the-colosseum
Pee Wee Herman,Blitzen,1,,15,,,,,5,,,,,,"dmz, the-colosseum, the-grove"
Pee Wee Herman,Blitzen,2,,,,,,,,,,,,,
Pee Wee Herman,Blitzen,3,,,,,,,,,,,,,
Pee Wee Herman,Blitzen,4,,,,,,,,,,,,,
Pee Wee Herman,Blitzen,5,,,,,,,,,,,,,
Pee Wee Herman,Blitzen,6,,,,,,,,,,,,,
Pretzel,Blitzen,0,,,,,,,,,,,,,
Pretzel,Blitzen,1,,,,,,,,,,,,,
Pretzel,Blitzen,2,,,,,,,,,,,,,
Pretzel,Blitzen,3,,,,,,,,,,,,,
Pretzel,Blitzen,4,,,,,,,,,,,,,
Pretzel,Blitzen,5,,,,,,,,,,,,,
Pretzel,Blitzen,6,,,,,,,,,,,,,
Sailer Moon,Blitzen,0,,,,,,,,,,,,,
Sailer Moon,Blitzen,1,,3,,,,,,,,,,,ravens-nest
Sailer Moon,Blitzen,2,,,,,,,,,,,,,
Sailer Moon,Blitzen,3,,,,,,,,,,,,,
Sailer Moon,Blitzen,4,,,,,,,,,,,,,
Sailer Moon,Blitzen,5,,,,,,,,,,,,,
Sailer Moon,Blitzen,6,,,,,,,,,,,,,
Schlitz,Blitzen,0,,6,,,,3,,5,,,,,the-colosseum
Schlitz,Blitzen,1,6,9,,,,3,5,5,3,1,,,"el-coyote, the-grove"
Schlitz,Blitzen,2,,,,,,,,,,,,,
Schlitz,Blitzen,3,,,,,,,,,,,,,
Schlitz,Blitzen,4,,,,,,,,,,,,,
Schlitz,Blitzen,5,,,,,,,,,,,,,
Schlitz,Blitzen,6,,,,,,,,,,,,,
Senor Frog,Blitzen,0,,,,,,,,,,,,,
Senor Frog,Blitzen,1,,,,,,,,,,,,,
Senor Frog,Blitzen,2,,,,,,,,,,,,,
Senor Frog,Blitzen,3,,,,,,,,,,,,,
Senor Frog,Blitzen,4,,,,,,,,,,,,,
Senor Frog,Blitzen,5,,,,,,,,,,,,,
Senor Frog,Blitzen,6,,,,,,,,,,,,,
SkidMark,Blitzen,0,,,,,,,,,,,,,
SkidMark,Blitzen,1,6,9,,,,,,,,,,,"dmz, the-grove, the-ridge"
SkidMark,Blitzen,2,,,,,,,,,,,,,
SkidMark,Blitzen,3,,,,,,,,,,,,,
SkidMark,Blitzen,4,,,,,,,,,,,,,
SkidMark,Blitzen,5,,,,,,,,,,,,,
SkidMark,Blitzen,6,,,,,,,,,,,,,
Woody,Blitzen,0,,,,,,,,,,,,,
Woody,Blitzen,1,2,9,,,,,5,,,,,,"dmz, the-grove, the-ridge"
Woody,Blitzen,2,,,,,,,,,,,,,
Woody,Blitzen,3,,,,,,,,,,,,,
Woody,Blitzen,4,,,,,,,,,,,,,
Woody,Blitzen,5,,,,,,,,,,,,,
Woody,Blitzen,6,,,,,,,,,,,,,
Xena- Warrior Princess,Blitzen,0,,6,,,,,,5,,,,,the-colosseum
Xena- Warrior Princess,Blitzen,1,,9,,,,3,5,,3,,,,the-colosseum
Xena- Warrior Princess,Blitzen,2,,,,,,,,,,,,,
Xena- Warrior Princess,Blitzen,3,,,,,,,,,,,,,
Xena- Warrior Princess,Blitzen,4,,,,,,,,,,,,,
Xena- Warrior Princess,Blitzen,5,,,,,,,,,,,,,
Xena- Warrior Princess,Blitzen,6,,,,,,,,,,,,,
Algorithm,Comet,0,3,6,,,,3,,5,,,,,the-colosseum
Algorithm,Comet,1,,9,,,,,5,5,,1,,10,"the-colosseum, the-olympiad, the-ridge"
Algorithm,Comet,2,,,,,,,,,,,,,
Algorithm,Comet,3,,,,,,,,,,,,,
Algorithm,Comet,4,,,,,,,,,,,,,
Algorithm,Comet,5,,,,,,,,,,,,,
Algorithm,Comet,6,,,,,,,,,,,,,
Bambino,Comet,0,3,3,,,,3,,5,,,,,the-colosseum
Bambino,Comet,1,,6,,,,,5,5,3,,,,el-coyote
Bambino,Comet,2,,,,,,,,,,,,,
Bambino,Comet,3,,,,,,,,,,,,,
Bambino,Comet,4,,,,,,,,,,,,,
Bambino,Comet,5,,,,,,,,,,,,,
Bambino,Comet,6,,,,,,,,,,,,,
Bob Villa,Comet,0,3,6,,,,,,5,,,,,the-colosseum
Bob Villa,Comet,1,14,27,5,7,,,5,,3,1,,,"black-rock, el-coyote, the-grove, the-olympiad, the-silo"
Bob Villa,Comet,2,,,,,,,,,,,,,
Bob Villa,Comet,3,,,,,,,,,,,,,
Bob Villa,Comet,4,,,,,,,,,,,,,
Bob Villa,Comet,5,,,,,,,,,,,,,
Bob Villa,Comet,6,,,,,,,,,,,,,
Choco Taco,Comet,0,,3,,,,,,5,,,,,the-colosseum
Choco Taco,Comet,1,12,9,,,,3,5,5,3,,,10,"el-coyote, the-ridge"
Choco Taco,Comet,2,,,,,,,,,,,,,
Choco Taco,Comet,3,,,,,,,,,,,,,
Choco Taco,Comet,4,,,,,,,,,,,,,
Choco Taco,Comet,5,,,,,,,,,,,,,
Choco Taco,Comet,6,,,,,,,,,,,,,
DJ Sump Pump,Comet,0,,3,,,,3,,5,,,,,the-colosseum
DJ Sump Pump,Comet,1,,9,,,,,,,3,,,,"dmz, the-ridge"
DJ Sump Pump,Comet,2,,,,,,,,,,,,,
DJ Sump Pump,Comet,3,,,,,,,,,,,,,
DJ Sump Pump,Comet,4,,,,,,,,,,,,,
DJ Sump Pump,Comet,5,,,,,,,,,,,,,
DJ Sump Pump,Comet,6,,,,,,,,,,,,,
Danica,Comet,0,,,,,,,,,,,,,
Danica,Comet,1,,12,,,,,,,3,,,,"the-grove, the-olympiad, the-ridge, the-silo"
Danica,Comet,2,,,,,,,,,,,,,
Danica,Comet,3,,,,,,,,,,,,,
Danica,Comet,4,,,,,,,,,,,,,
Danica,Comet,5,,,,,,,,,,,,,
Danica,Comet,6,,,,,,,,,,,,,
Dauber,Comet,0,3,6,,,5,3,,5,,,,,the-colosseum
Dauber,Comet,1,12,33,,9,,,5,5,3,,1,10,"el-coyote, the-colosseum, the-olympiad, the-silo"
Dauber,Comet,2,,,,,,,,,,,,,
Dauber,Comet,3,,,,,,,,,,,,,
Dauber,Comet,4,,,,,,,,,,,,,
Dauber,Comet,5,,,,,,,,,,,,,
Dauber,Comet,6,,,,,,,,,,,,,
Fire Hose,Comet,0,,3,,,5,,,5,,,,,the-colosseum
Fire Hose,Comet,1,,,,,,,,,3,,,,
Fire Hose,Comet,2,,,,,,,,,,,,,
Fire Hose,Comet,3,,,,,,,,,,,,,
Fire Hose,Comet,4,,,,,,,,,,,,,
Fire Hose,Comet,5,,,,,,,,,,,,,
Fire Hose,Comet,6,,,,,,,,,,,,,
Frontier,Comet,0,3,6,,,5,3,,5,,,,,the-colosseum
Frontier,Comet,1,12,9,,,,,5,5,3,,,10,"el-coyote, the-olympiad"
Frontier,Comet,2,,,,,,,,,,,,,
Frontier,Comet,3,,,,,,,,,,,,,
Frontier,Comet,4,,,,,,,,,,,,,
Frontier,Comet,5,,,,,,,,,,,,,
Frontier,Comet,6,,,,,,,,,,,,,
Happy Camper,Comet,0,,6,,,,3,,5,,,,,the-colosseum
Happy Camper,Comet,1,11,15,,,,,5,,3,1,,,"da-grizz, dmz, the-ridge, the-silo"
Happy Camper,Comet,2,,,,,,,,,,,,,
Happy Camper,Comet,3,,,,,,,,,,,,,
Happy Camper,Comet,4,,,,,,,,,,,,,
Happy Camper,Comet,5,,,,,,,,,,,,,
Happy Camper,Comet,6,,,,,,,,,,,,,
Hatchet (Lizard Q),Comet,0,,6,,,,3,,5,,,,,the-colosseum
Hatchet (Lizard Q),Comet,1,9,15,5,,,,5,,3,,,,"dmz, the-colosseum, the-grove, the-olympiad, the-ridge"
Hatchet (Lizard Q),Comet,2,,,,,,,,,,,,,
Hatchet (Lizard Q),Comet,3,,,,,,,,,,,,,
Hatchet (Lizard Q),Comet,4,,,,,,,,,,,,,
Hatchet (Lizard Q),Comet,5,,,,,,,,,,,,,
Hatchet (Lizard Q),Comet,6,,,,,,,,,,,,,
Heifer,Comet,0,,6,,,,,,5,,,,,the-colosseum
Heifer,Comet,1,,,,,,,,,,,,,
Heifer,Comet,2,,,,,,,,,,,,,
Heifer,Comet,3,,,,,,,,,,,,,
Heifer,Comet,4,,,,,,,,,,,,,
Heifer,Comet,5,,,,,,,,,,,,,
Heifer,Comet,6,,,,,,,,,,,,,
Hot Lava,Comet,0,3,6,,,5,3,,5,,,,,the-colosseum
Hot Lava,Comet,1,12,30,5,8,,,5,5,3,,,10,"black-rock, dmz, el-coyote, the-colosseum, the-olympiad"
Hot Lava,Comet,2,,,,,,,,,,,,,
Hot Lava,Comet,3,,,,,,,,,,,,,
Hot Lava,Comet,4,,,,,,,,,,,,,
Hot Lava,Comet,5,,,,,,,,,,,,,
Hot Lava,Comet,6,,,,,,,,,,,,,
Hot Pants,Comet,0,,,,,,,,,,,,,
Hot Pants,Comet,1,,6,,,,,,,3,,,,the-colosseum
Hot Pants,Comet,2,,,,,,,,,,,,,
Hot Pants,Comet,3,,,,,,,,,,,,,
Hot Pants,Comet,4,,,,,,,,,,,,,
Hot Pants,Comet,5,,,,,,,,,,,,,
Hot Pants,Comet,6,,,,,,,,,,,,,
Jugs,Comet,0,,,,,,,,,,,,,
Jugs,Comet,1,,6,,,,,,,,,,,el-coyote
Jugs,Comet,2,,,,,,,,,,,,,
Jugs,Comet,3,,,,,,,,,,,,,
Jugs,Comet,4,,,,,,,,,,,,,
Jugs,Comet,5,,,,,,,,,,,,,
Jugs,Comet,6,,,,,,,,,,,,,
Mahomes,Comet,0,3,6,,,5,3,,5,,,,,the-colosseum
Mahomes,Comet,1,15,30,,8,,3,5,5,3,1,1,10,"el-coyote, the-colosseum, the-olympiad, the-silo"
Mahomes,Comet,2,,,,,,,,,,,,,
Mahomes,Comet,3,,,,,,,,,,,,,
Mahomes,Comet,4,,,,,,,,,,,,,
Mahomes,Comet,5,,,,,,,,,,,,,
Mahomes,Comet,6,,,,,,,,,,,,,
Manhole,Comet,0,3,6,,,5,3,,5,,,,,the-colosseum
Manhole,Comet,1,12,30,5,8,,,5,5,3,1,,10,"black-rock, dmz, el-coyote, the-colosseum, the-olympiad"
Manhole,Comet,2,,,,,,,,,,,,,
Manhole,Comet,3,,,,,,,,,,,,,
Manhole,Comet,4,,,,,,,,,,,,,
Manhole,Comet,5,,,,,,,,,,,,,
Manhole,Comet,6,,,,,,,,,,,,,
Meta,Comet,0,3,6,,,5,3,,5,,,,,the-colosseum
Meta,Comet,1,12,30,,8,,,5,5,3,1,,10,"el-coyote, the-olympiad, the-ridge, the-silo"
Meta,Comet,2,,,,,,,,,,,,,
Meta,Comet,3,,,,,,,,,,,,,
Meta,Comet,4,,,,,,,,,,,,,
Meta,Comet,5,,,,,,,,,,,,,
Meta,Comet,6,,,,,,,,,,,,,
Pearl,Comet,0,3,6,,,5,,,5,,,,,the-colosseum
Pearl,Comet,1,6,12,,,,,5,5,3,,,,"the-colosseum, the-grove, the-ridge, the-silo"
Pearl,Comet,2,,,,,,,,,,,,,
Pearl,Comet,3,,,,,,,,,,,,,
Pearl,Comet,4,,,,,,,,,,,,,
Pearl,Comet,5,,,,,,,,,,,,,
Pearl,Comet,6,,,,,,,,,,,,,
Peterbilt,Comet,0,,6,,,,3,,5,,,,,the-colosseum
Peterbilt,Comet,1,2,21,5,5,,3,5,,3,1,,,"el-coyote, the-colosseum, the-olympiad, the-ridge, the-silo"
Peterbilt,Comet,2,,,,,,,,,,,,,
Peterbilt,Comet,3,,,,,,,,,,,,,
Peterbilt,Comet,4,,,,,,,,,,,,,
Peterbilt,Comet,5,,,,,,,,,,,,,
Peterbilt,Comet,6,,,,,,,,,,,,,
Pull-up,Comet,0,,6,,,,3,,5,,,,,the-colosseum
Pull-up,Comet,1,15,15,5,,,3,5,5,3,,,,"the-colosseum, the-grove, the-olympiad, the-ridge, the-silo"
Pull-up,Comet,2,,,,,,,,,,,,,
Pull-up,Comet,3,,,,,,,,,,,,,
Pull-up,Comet,4,,,,,,,,,,,,,
Pull-up,Comet,5,,,,,,,,,,,,,
Pull-up,Comet,6,,,,,,,,,,,,,
Second Best,Comet,0,,3,,,,,,5,,,,,the-colosseum
Second Best,Comet,1,,6,,,,,,,3,,,,"the-grove, the-ridge"
Second Best,Comet,2,,,,,,,,,,,,,
Second Best,Comet,3,,,,,,,,,,,,,
Second Best,Comet,4,,,,,,,,,,,,,
Second Best,Comet,5,,,,,,,,,,,,,
Second Best,Comet,6,,,,,,,,,,,,,
Shankapotomus,Comet,0,,3,,,,,,5,,,,,the-colosseum
Shankapotomus,Comet,1,,15,5,,,,5,,3,,,,"black-rock, el-coyote, the-colosseum, the-olympiad, the-ridge"
Shankapotomus,Comet,2,,,,,,,,,,,,,
Shankapotomus,Comet,3,,,,,,,,,,,,,
Shankapotomus,Comet,4,,,,,,,,,,,,,
Shankapotomus,Comet,5,,,,,,,,,,,,,
Shankapotomus,Comet,6,,,,,,,,,,,,,
Six Sheets,Comet,0,3,6,,,,,,5,,,,,the-colosseum
Six Sheets,Comet,1,12,15,,,,,,,3,,,,"black-rock, the-olympiad, the-ridge, the-silo"
Six Sheets,Comet,2,,,,,,,,,,,,,
Six Sheets,Comet,3,,,,,,,,,,,,,
Six Sheets,Comet,4,,,,,,,,,,,,,
Six Sheets,Comet,5,,,,,,,,,,,,,
Six Sheets,Comet,6,,,,,,,,,,,,,
Tighty Whities,Comet,0,,3,,,,,,5,,,,,the-colosseum
Tighty Whities,Comet,1,3,12,,,,,5,5,,,,,"the-colosseum, the-grove, the-olympiad, the-silo"
Tighty Whities,Comet,2,,,,,,,,,,,,,
Tighty Whities,Comet,3,,,,,,,,,,,,,
Tighty Whities,Comet,4,,,,,,,,,,,,,
Tighty Whities,Comet,5,,,,,,,,,,,,,
Tighty Whities,Comet,6,,,,,,,,,,,,,
Toby,Comet,0,,3,,,,,,5,,,,,the-colosseum
Toby,Comet,1,,,,,,,,,3,,,,
Toby,Comet,2,,,,,,,,,,,,,
Toby,Comet,3,,,,,,,,,,,,,
Toby,Comet,4,,,,,,,,,,,,,
Toby,Comet,5,,,,,,,,,,,,,
Toby,Comet,6,,,,,,,,,,,,,
Wing Stop (F3 Naperville),Comet,0,,3,,,,3,,5,,,,,the-colosseum
Wing Stop (F3 Naperville),Comet,1,,12,,,,3,,,3,,,,the-colosseum
Wing Stop (F3 Naperville),Comet,2,,,,,,,,,,,,,
Wing Stop (F3 Naperville),Comet,3,,,,,,,,,,,,,
Wing Stop (F3 Naperville),Comet,4,,,,,,,,,,,,,
Wing Stop (F3 Naperville),Comet,5,,,,,,,,,,,,,
Wing Stop (F3 Naperville),Comet,6,,,,,,,,,,,,,
Bunker,Cupid,0,,,,,,3,,,,,,,
Bunker,Cupid,1,8,12,,,,3,,,3,1,,,"the-colosseum, the-grove"
Bunker,Cupid,2,,,,,,,,,,,,,
Bunker,Cupid,3,,,,,,,,,,,,,
Bunker,Cupid,4,,,,,,,,,,,,,
Bunker,Cupid,5,,,,,,,,,,,,,
Bunker,Cupid,6,,,,,,,,,,,,,
Caboose,Cupid,0,,6,,,,3,,5,,,,,the-colosseum
Caboose,Cupid,1,,3,,,,,,5,3,,,,the-grove
Caboose,Cupid,2,,,,,,,,,,,,,
Caboose,Cupid,3,,,,,,,,,,,,,
Caboose,Cupid,4,,,,,,,,,,,,,
Caboose,Cupid,5,,,,,,,,,,,,,
Caboose,Cupid,6,,,,,,,,,,,,,
Candy Man,Cupid,0,,3,,,,,,5,,,,,the-colosseum
Candy Man,Cupid,1,2,6,,,,,,,,,,,the-colosseum
Candy Man,Cupid,2,,,,,,,,,,,,,
Candy Man,Cupid,3,,,,,,,,,,,,,
Candy Man,Cupid,4,,,,,,,,,,,,,
Candy Man,Cupid,5,,,,,,,,,,,,,
Candy Man,Cupid,6,,,,,,,,,,,,,
Chernobyl,Cupid,0,,3,,,,,,,,,,,the-colosseum
Chernobyl,Cupid,1,,3,,,,,,,,,,,
Chernobyl,Cupid,2,,,,,,,,,,,,,
Chernobyl,Cupid,3,,,,,,,,,,,,,
Chernobyl,Cupid,4,,,,,,,,,,,,,
Chernobyl,Cupid,5,,,,,,,,,,,,,
Chernobyl,Cupid,6,,,,,,,,,,,,,
Double dipper,Cupid,0,,3,,,,,,5,,,,,the-colosseum
Double dipper,Cupid,1,,,,,,,,,,,,,
Double dipper,Cupid,2,,,,,,,,,,,,,
Double dipper,Cupid,3,,,,,,,,,,,,,
Double dipper,Cupid,4,,,,,,,,,,,,,
Double dipper,Cupid,5,,,,,,,,,,,,,
Double dipper,Cupid,6,,,,,,,,,,,,,
Duck Hunt,Cupid,0,3,6,,,,,,5,,,,,the-colosseum
Duck Hunt,Cupid,1,15,19,5,4,,,5,5,3,1,,,"black-diamond, da-grizz, el-coyote, ravens-nest, the-colosseum, the-olympiad"
Duck Hunt,Cupid,2,,,,,,,,,,,,,
Duck Hunt,Cupid,3,,,,,,,,,,,,,
Duck Hunt,Cupid,4,,,,,,,,,,,,,
Duck Hunt,Cupid,5,,,,,,,,,,,,,
Duck Hunt,Cupid,6,,,,,,,,,,,,,
Great Clips,Cupid,0,,,,,,,,,,,,,
Great Clips,Cupid,1,,3,,,5,3,,,,,,,the-olympiad
Great Clips,Cupid,2,,,,,,,,,,,,,
Great Clips,Cupid,3,,,,,,,,,,,,,
Great Clips,Cupid,4,,,,,,,,,,,,,
Great Clips,Cupid,5,,,,,,,,,,,,,
Great Clips,Cupid,6,,,,,,,,,,,,,
GrubX (CMW),Cupid,0,,3,,,,,,5,,,,,the-colosseum
GrubX (CMW),Cupid,1,6,16,,,,,,,3,,,10,"black-diamond, the-colosseum, the-olympiad"
GrubX (CMW),Cupid,2,,,,,,,,,,,,,
GrubX (CMW),Cupid,3,,,,,,,,,,,,,
GrubX (CMW),Cupid,4,,,,,,,,,,,,,
GrubX (CMW),Cupid,5,,,,,,,,,,,,,
GrubX (CMW),Cupid,6,,,,,,,,,,,,,
Laces Out,Cupid,0,,,,,,,,,,,,,
Laces Out,Cupid,1,,,,,,,,,,,,,
Laces Out,Cupid,2,,,,,,,,,,,,,
Laces Out,Cupid,3,,,,,,,,,,,,,
Laces Out,Cupid,4,,,,,,,,,,,,,
Laces Out,Cupid,5,,,,,,,,,,,,,
Laces Out,Cupid,6,,,,,,,,,,,,,
Lot lizard,Cupid,0,,,,,,,,,,,,,
Lot lizard,Cupid,1,,3,,,,,5,,3,,,,el-coyote
Lot lizard,Cupid,2,,,,,,,,,,,,,
Lot lizard,Cupid,3,,,,,,,,,,,,,
Lot lizard,Cupid,4,,,,,,,,,,,,,
Lot lizard,Cupid,5,,,,,,,,,,,,,
Lot lizard,Cupid,6,,,,,,,,,,,,,
Otto Man,Cupid,0,,,,,,,,,,,,,
Otto Man,Cupid,1,,6,,,,,,,,,,,el-coyote
Otto Man,Cupid,2,,,,,,,,,,,,,
Otto Man,Cupid,3,,,,,,,,,,,,,
Otto Man,Cupid,4,,,,,,,,,,,,,
Otto Man,Cupid,5,,,,,,,,,,,,,
Otto Man,Cupid,6,,,,,,,,,,,,,
Picasso,Cupid,0,,7,,,,,,5,,,,,the-colosseum
Picasso,Cupid,1,12,9,,,,,,,3,,,,the-colosseum
Picasso,Cupid,2,,,,,,,,,,,,,
Picasso,Cupid,3,,,,,,,,,,,,,
Picasso,Cupid,4,,,,,,,,,,,,,
Picasso,Cupid,5,,,,,,,,,,,,,
Picasso,Cupid,6,,,,,,,,,,,,,
Singer,Cupid,0,3,6,,,,,,5,,,,,the-colosseum
Singer,Cupid,1,12,15,,,,,,,3,1,,,"the-colosseum, the-grove, the-olympiad"
Singer,Cupid,2,,,,,,,,,,,,,
Singer,Cupid,3,,,,,,,,,,,,,
Singer,Cupid,4,,,,,,,,,,,,,
Singer,Cupid,5,,,,,,,,,,,,,
Singer,Cupid,6,,,,,,,,,,,,,
Sizzler,Cupid,0,,3,,,,,,5,,,,,the-colosseum
Sizzler,Cupid,1,3,10,,,,,,,,,,,"black-diamond, the-grove, the-olympiad"
Sizzler,Cupid,2,,,,,,,,,,,,,
Sizzler,Cupid,3,,,,,,,,,,,,,
Sizzler,Cupid,4,,,,,,,,,,,,,
Sizzler,Cupid,5,,,,,,,,,,,,,
Sizzler,Cupid,6,,,,,,,,,,,,,
Soft Hands,Cupid,0,3,3,,,,,,5,,,,,the-colosseum
Soft Hands,Cupid,1,9,16,,,,3,,,3,,,10,"black-diamond, el-coyote, the-colosseum, the-olympiad"
Soft Hands,Cupid,2,,,,,,,,,,,,,
Soft Hands,Cupid,3,,,,,,,,,,,,,
Soft Hands,Cupid,4,,,,,,,,,,,,,
Soft Hands,Cupid,5,,,,,,,,,,,,,
Soft Hands,Cupid,6,,,,,,,,,,,,,
Sparkler,Cupid,0,,6,,,,,,5,,,,,the-colosseum
Sparkler,Cupid,1,12,10,,,,3,,,3,,,,"black-diamond, dmz, the-colosseum"
Sparkler,Cupid,2,,,,,,,,,,,,,
Sparkler,Cupid,3,,,,,,,,,,,,,
Sparkler,Cupid,4,,,,,,,,,,,,,
Sparkler,Cupid,5,,,,,,,,,,,,,
Sparkler,Cupid,6,,,,,,,,,,,,,
Spike Horn,Cupid,0,3,3,,,,,,5,,,,,the-colosseum
Spike Horn,Cupid,1,6,10,,,,,,,,,,,"black-diamond, the-colosseum, the-olympiad"
Spike Horn,Cupid,2,,,,,,,,,,,,,
Spike Horn,Cupid,3,,,,,,,,,,,,,
Spike Horn,Cupid,4,,,,,,,,,,,,,
Spike Horn,Cupid,5,,,,,,,,,,,,,
Spike Horn,Cupid,6,,,,,,,,,,,,,
Spirit,Cupid,0,,,,,,,,,,,,,
Spirit,Cupid,1,,3,,,,,,,,,,,the-ridge
Spirit,Cupid,2,,,,,,,,,,,,,
Spirit,Cupid,3,,,,,,,,,,,,,
Spirit,Cupid,4,,,,,,,,,,,,,
Spirit,Cupid,5,,,,,,,,,,,,,
Spirit,Cupid,6,,,,,,,,,,,,,
Ball boy,Dancer,0,,,,,,,,,,,,,
Ball boy,Dancer,1,,,,,,,,,,,,,
Ball boy,Dancer,2,,,,,,,,,,,,,
Ball boy,Dancer,3,,,,,,,,,,,,,
Ball boy,Dancer,4,,,,,,,,,,,,,
Ball boy,Dancer,5,,,,,,,,,,,,,
Ball boy,Dancer,6,,,,,,,,,,,,,
Bill Nye,Dancer,0,,,,,,,,,,,,,
Bill Nye,Dancer,1,,,,,,,,,,,,,
Bill Nye,Dancer,2,,,,,,,,,,,,,
Bill Nye,Dancer,3,,,,,,,,,,,,,
Bill Nye,Dancer,4,,,,,,,,,,,,,
Bill Nye,Dancer,5,,,,,,,,,,,,,
Bill Nye,Dancer,6,,,,,,,,,,,,,
Boston Butt,Dancer,0,,3,,,,,,5,,,,,the-colosseum
Boston Butt,Dancer,1,3,6,,,,,,,,,,,"the-colosseum, the-silo"
Boston Butt,Dancer,2,,,,,,,,,,,,,
Boston Butt,Dancer,3,,,,,,,,,,,,,
Boston Butt,Dancer,4,,,,,,,,,,,,,
Boston Butt,Dancer,5,,,,,,,,,,,,,
Boston Butt,Dancer,6,,,,,,,,,,,,,
Cinderella,Dancer,0,3,3,,,,3,,5,,,,,the-colosseum
Cinderella,Dancer,1,9,15,,,,3,,,3,,,,"the-colosseum, the-olympiad, the-ridge, the-silo"
Cinderella,Dancer,2,,,,,,,,,,,,,
Cinderella,Dancer,3,,,,,,,,,,,,,
Cinderella,Dancer,4,,,,,,,,,,,,,
Cinderella,Dancer,5,,,,,,,,,,,,,
Cinderella,Dancer,6,,,,,,,,,,,,,
Cutler,Dancer,0,3,6,,,,3,,5,,,,,the-colosseum
Cutler,Dancer,1,15,18,5,4,,3,5,,3,,,,"black-rock, the-colosseum, the-olympiad, the-ridge, the-silo"
Cutler,Dancer,2,,,,,,,,,,,,,
Cutler,Dancer,3,,,,,,,,,,,,,
Cutler,Dancer,4,,,,,,,,,,,,,
Cutler,Dancer,5,,,,,,,,,,,,,
Cutler,Dancer,6,,,,,,,,,,,,,
Dear Abby,Dancer,0,3,6,,,,3,,5,,,,,the-colosseum
Dear Abby,Dancer,1,15,21,5,5,,3,5,5,3,,,,"black-rock, el-coyote, the-olympiad, the-ridge, the-silo"
Dear Abby,Dancer,2,,,,,,,,,,,,,
Dear Abby,Dancer,3,,,,,,,,,,,,,
Dear Abby,Dancer,4,,,,,,,,,,,,,
Dear Abby,Dancer,5,,,,,,,,,,,,,
Dear Abby,Dancer,6,,,,,,,,,,,,,
Foghorn,Dancer,0,3,6,,,,3,,5,,,,,the-colosseum
Foghorn,Dancer,1,9,15,,,,,5,5,3,,,,"el-coyote, the-olympiad, the-ridge, the-silo"
Foghorn,Dancer,2,,,,,,,,,,,,,
Foghorn,Dancer,3,,,,,,,,,,,,,
Foghorn,Dancer,4,,,,,,,,,,,,,
Foghorn,Dancer,5,,,,,,,,,,,,,
Foghorn,Dancer,6,,,,,,,,,,,,,
Hodl,Dancer,0,3,6,,,,3,,5,,,,,the-colosseum
Hodl,Dancer,1,15,24,5,6,,3,5,5,3,,,,"black-rock, el-coyote, the-colosseum, the-olympiad, the-ridge, the-silo"
Hodl,Dancer,2,,,,,,,,,,,,,
Hodl,Dancer,3,,,,,,,,,,,,,
Hodl,Dancer,4,,,,,,,,,,,,,
Hodl,Dancer,5,,,,,,,,,,,,,
Hodl,Dancer,6,,,,,,,,,,,,,
Martha Stewart,Dancer,0,,,,,,,,,,,,,
Martha Stewart,Dancer,1,2,6,,,,,,,,,,,"the-ridge, the-silo"
Martha Stewart,Dancer,2,,,,,,,,,,,,,
Martha Stewart,Dancer,3,,,,,,,,,,,,,
Martha Stewart,Dancer,4,,,,,,,,,,,,,
Martha Stewart,Dancer,5,,,,,,,,,,,,,
Martha Stewart,Dancer,6,,,,,,,,,,,,,
Ozark,Dancer,0,,,,,,,,,,,,,
Ozark,Dancer,1,,,,,,,,,,,,,
Ozark,Dancer,2,,,,,,,,,,,,,
Ozark,Dancer,3,,,,,,,,,,,,,
Ozark,Dancer,4,,,,,,,,,,,,,
Ozark,Dancer,5,,,,,,,,,,,,,
Ozark,Dancer,6,,,,,,,,,,,,,
Party in a bottle,Dancer,0,3,6,,,,,,5,,,,,the-colosseum
Party in a bottle,Dancer,1,,12,,,,3,5,5,3,1,,,"the-colosseum, the-olympiad, the-silo"
Party in a bottle,Dancer,2,,,,,,,,,,,,,
Party in a bottle,Dancer,3,,,,,,,,,,,,,
Party in a bottle,Dancer,4,,,,,,,,,,,,,
Party in a bottle,Dancer,5,,,,,,,,,,,,,
Party in a bottle,Dancer,6,,,,,,,,,,,,,
Phoenix,Dancer,0,,3,,,,3,,5,,,,,the-colosseum
Phoenix,Dancer,1,,21,5,5,,,5,,3,,,,"black-rock, el-coyote, the-colosseum, the-olympiad, the-silo"
Phoenix,Dancer,2,,,,,,,,,,,,,
Phoenix,Dancer,3,,,,,,,,,,,,,
Phoenix,Dancer,4,,,,,,,,,,,,,
Phoenix,Dancer,5,,,,,,,,,,,,,
Phoenix,Dancer,6,,,,,,,,,,,,,
Pop-Tart,Dancer,0,,6,,,,3,,5,,,,,the-colosseum
Pop-Tart,Dancer,1,10,18,5,4,,3,5,5,3,,,,"black-rock, el-coyote, the-olympiad, the-ridge, the-silo"
Pop-Tart,Dancer,2,,,,,,,,,,,,,
Pop-Tart,Dancer,3,,,,,,,,,,,,,
Pop-Tart,Dancer,4,,,,,,,,,,,,,
Pop-Tart,Dancer,5,,,,,,,,,,,,,
Pop-Tart,Dancer,6,,,,,,,,,,,,,
Ricochet,Dancer,0,3,6,,,,,,5,,,,,the-colosseum
Ricochet,Dancer,1,15,18,5,4,,3,,,3,,,,"el-coyote, the-colosseum, the-olympiad, the-ridge, the-silo"
Ricochet,Dancer,2,,,,,,,,,,,,,
Ricochet,Dancer,3,,,,,,,,,,,,,
Ricochet,Dancer,4,,,,,,,,,,,,,
Ricochet,Dancer,5,,,,,,,,,,,,,
Ricochet,Dancer,6,,,,,,,,,,,,,
Safety Meeting,Dancer,0,,,,,,,,,,,,,
Safety Meeting,Dancer,1,,,,,,,,,,,,,
Safety Meeting,Dancer,2,,,,,,,,,,,,,
Safety Meeting,Dancer,3,,,,,,,,,,,,,
Safety Meeting,Dancer,4,,,,,,,,,,,,,
Safety Meeting,Dancer,5,,,,,,,,,,,,,
Safety Meeting,Dancer,6,,,,,,,,,,,,,
Sparky,Dancer,0,3,6,,,5,3,,5,,,,,the-colosseum
Sparky,Dancer,1,12,12,,,,3,5,5,3,,,,"el-coyote, the-olympiad"
Sparky,Dancer,2,,,,,,,,,,,,,
Sparky,Dancer,3,,,,,,,,,,,,,
Sparky,Dancer,4,,,,,,,,,,,,,
Sparky,Dancer,5,,,,,,,,,,,,,
Sparky,Dancer,6,,,,,,,,,,,,,
Thesaurus,Dancer,0,,3,,,,3,,5,,,,,the-colosseum
Thesaurus,Dancer,1,,,,,,,,,,,,,
Thesaurus,Dancer,2,,,,,,,,,,,,,
Thesaurus,Dancer,3,,,,,,,,,,,,,
Thesaurus,Dancer,4,,,,,,,,,,,,,
Thesaurus,Dancer,5,,,,,,,,,,,,,
Thesaurus,Dancer,6,,,,,,,,,,,,,
TruGreen,Dancer,0,,6,,,,3,,5,,,,,the-colosseum
TruGreen,Dancer,1,,15,,,,,5,,3,,1,,"the-colosseum, the-olympiad, the-ridge, the-silo"
TruGreen,Dancer,2,,,,,,,,,,,,,
TruGreen,Dancer,3,,,,,,,,,,,,,
TruGreen,Dancer,4,,,,,,,,,,,,,
TruGreen,Dancer,5,,,,,,,,,,,,,
TruGreen,Dancer,6,,,,,,,,,,,,,
BABYMOMMA,Dasher,0,,,,,,,,,,,,,
BABYMOMMA,Dasher,1,,,,,,,,,3,,,,
BABYMOMMA,Dasher,2,,,,,,,,,,,,,
BABYMOMMA,Dasher,3,,,,,,,,,,,,,
BABYMOMMA,Dasher,4,,,,,,,,,,,,,
BABYMOMMA,Dasher,5,,,,,,,,,,,,,
BABYMOMMA,Dasher,6,,,,,,,,,,,,,
BORG,Dasher,0,,,,,,,,,,,,,
BORG,Dasher,1,3,6,,,,,,,,,,,"the-colosseum, the-silo"
BORG,Dasher,2,,,,,,,,,,,,,
BORG,Dasher,3,,,,,,,,,,,,,
BORG,Dasher,4,,,,,,,,,,,,,
BORG,Dasher,5,,,,,,,,,,,,,
BORG,Dasher,6,,,,,,,,,,,,,
Dog House,Dasher,0,,7,,,,3,,5,,,,,the-colosseum
Dog House,Dasher,1,15,30,,8,,3,5,,3,,,,"da-grizz, el-coyote, the-colosseum, the-olympiad"
Dog House,Dasher,2,,,,,,,,,,,,,
Dog House,Dasher,3,,,,,,,,,,,,,
Dog House,Dasher,4,,,,,,,,,,,,,
Dog House,Dasher,5,,,,,,,,,,,,,
Dog House,Dasher,6,,,,,,,,,,,,,
Doozie,Dasher,0,3,6,,,,3,,5,,,,,the-colosseum
Doozie,Dasher,1,14,25,5,6,,3,5,5,3,1,,,"black-diamond, black-rock, el-coyote, the-colosseum, the-grove, the-silo"
Doozie,Dasher,2,,,,,,,,,,,,,
Doozie,Dasher,3,,,,,,,,,,,,,
Doozie,Dasher,4,,,,,,,,,,,,,
Doozie,Dasher,5,,,,,,,,,,,,,
Doozie,Dasher,6,,,,,,,,,,,,,
Drive By,Dasher,0,,,,,,3,,,,,,,
Drive By,Dasher,1,,3,,,,,5,,3,,,,el-coyote
Drive By,Dasher,2,,,,,,,,,,,,,
Drive By,Dasher,3,,,,,,,,,,,,,
Drive By,Dasher,4,,,,,,,,,,,,,
Drive By,Dasher,5,,,,,,,,,,,,,
Drive By,Dasher,6,,,,,,,,,,,,,
Grinch,Dasher,0,,,,,,,,,,,,,
Grinch,Dasher,1,,,,,,,,,3,,,,
Grinch,Dasher,2,,,,,,,,,,,,,
Grinch,Dasher,3,,,,,,,,,,,,,
Grinch,Dasher,4,,,,,,,,,,,,,
Grinch,Dasher,5,,,,,,,,,,,,,
Grinch,Dasher,6,,,,,,,,,,,,,
Jellystone,Dasher,0,3,6,,,,3,,5,,,,,the-colosseum
Jellystone,Dasher,1,9,12,,,,3,,5,3,,,,"black-rock, el-coyote, the-colosseum, the-silo"
Jellystone,Dasher,2,,,,,,,,,,,,,
Jellystone,Dasher,3,,,,,,,,,,,,,
Jellystone,Dasher,4,,,,,,,,,,,,,
Jellystone,Dasher,5,,,,,,,,,,,,,
Jellystone,Dasher,6,,,,,,,,,,,,,
LaRussa,Dasher,0,,3,,,,,,5,,,,,the-colosseum
LaRussa,Dasher,1,3,3,,,,3,,,3,,,,el-coyote
LaRussa,Dasher,2,,,,,,,,,,,,,
LaRussa,Dasher,3,,,,,,,,,,,,,
LaRussa,Dasher,4,,,,,,,,,,,,,
LaRussa,Dasher,5,,,,,,,,,,,,,
LaRussa,Dasher,6,,,,,,,,,,,,,
Norm,Dasher,0,3,6,,,,3,,5,,,,10,the-colosseum
Norm,Dasher,1,12,6,,,,,,,3,,,,
Norm,Dasher,2,,,,,,,,,,,,,
Norm,Dasher,3,,,,,,,,,,,,,
Norm,Dasher,4,,,,,,,,,,,,,
Norm,Dasher,5,,,,,,,,,,,,,
Norm,Dasher,6,,,,,,,,,,,,,
Old Maid,Dasher,0,,6,,,,3,,5,,,,,the-colosseum
Old Maid,Dasher,1,6,15,,,5,,,5,3,1,,,"the-colosseum, the-grove, the-olympiad, the-silo"
Old Maid,Dasher,2,,,,,,,,,,,,,
Old Maid,Dasher,3,,,,,,,,,,,,,
Old Maid,Dasher,4,,,,,,,,,,,,,
Old Maid,Dasher,5,,,,,,,,,,,,,
Old Maid,Dasher,6,,,,,,,,,,,,,
Olive Oyl,Dasher,0,,6,,,,,,,,,,,the-colosseum
Olive Oyl,Dasher,1,,9,,,,3,5,5,3,,,,"black-rock, the-colosseum, the-silo"
Olive Oyl,Dasher,2,,,,,,,,,,,,,
Olive Oyl,Dasher,3,,,,,,,,,,,,,
Olive Oyl,Dasher,4,,,,,,,,,,,,,
Olive Oyl,Dasher,5,,,,,,,,,,,,,
Olive Oyl,Dasher,6,,,,,,,,,,,,,
Rooney,Dasher,0,,,,,,,,,,,,,
Rooney,Dasher,1,9,15,,,,3,,,3,,,,"black-rock, the-colosseum, the-olympiad"
Rooney,Dasher,2,,,,,,,,,,,,,
Rooney,Dasher,3,,,,,,,,,,,,,
Rooney,Dasher,4,,,,,,,,,,,,,
Rooney,Dasher,5,,,,,,,,,,,,,
Rooney,Dasher,6,,,,,,,,,,,,,
Scat,Dasher,0,,,,,,,,,,,,,
Scat,Dasher,1,,6,,,,3,,,3,,,,"el-coyote, the-colosseum"
Scat,Dasher,2,,,,,,,,,,,,,
Scat,Dasher,3,,,,,,,,,,,,,
Scat,Dasher,4,,,,,,,,,,,,,
Scat,Dasher,5,,,,,,,,,,,,,
Scat,Dasher,6,,,,,,,,,,,,,
Scratch and Dent,Dasher,0,3,6,,,,3,,5,,,,10,the-colosseum
Scratch and Dent,Dasher,1,14,21,5,5,5,3,5,5,3,,,,"black-rock, el-coyote, the-colosseum, the-grove, the-olympiad, the-silo"
Scratch and Dent,Dasher,2,,,,,,,,,,,,,
Scratch and Dent,Dasher,3,,,,,,,,,,,,,
Scratch and Dent,Dasher,4,,,,,,,,,,,,,
Scratch and Dent,Dasher,5,,,,,,,,,,,,,
Scratch and Dent,Dasher,6,,,,,,,,,,,,,
Trifecta,Dasher,0,3,3,,,,,,5,,,,,the-colosseum
Trifecta,Dasher,1,3,6,,,,,,,3,,,,"el-coyote, the-colosseum"
Trifecta,Dasher,2,,,,,,,,,,,,,
Trifecta,Dasher,3,,,,,,,,,,,,,
Trifecta,Dasher,4,,,,,,,,,,,,,
Trifecta,Dasher,5,,,,,,,,,,,,,
Trifecta,Dasher,6,,,,,,,,,,,,,
Trojan,Dasher,0,,,,,,,,,,,,,
Trojan,Dasher,1,,6,,,,,5,,,,,,"el-coyote, the-olympiad"
Trojan,Dasher,2,,,,,,,,,,,,,
Trojan,Dasher,3,,,,,,,,,,,,,
Trojan,Dasher,4,,,,,,,,,,,,,
Trojan,Dasher,5,,,,,,,,,,,,,
Trojan,Dasher,6,,,,,,,,,,,,,
UPS,Dasher,0,,6,,,,,,5,,,,,the-colosseum
UPS,Dasher,1,9,12,,,,3,5,,3,,,,"el-coyote, the-grove, the-silo"
UPS,Dasher,2,,,,,,,,,,,,,
UPS,Dasher,3,,,,,,,,,,,,,
UPS,Dasher,4,,,,,,,,,,,,,
UPS,Dasher,5,,,,,,,,,,,,,
UPS,Dasher,6,,,,,,,,,,,,,
Zimmer,Dasher,0,3,6,,,,3,,5,,,,10,the-colosseum
Zimmer,Dasher,1,11,21,5,5,,3,5,,3,,,,"black-rock, el-coyote, the-colosseum, the-grove, the-olympiad, the-silo"
Zimmer,Dasher,2,,,,,,,,,,,,,
Zimmer,Dasher,3,,,,,,,,,,,,,
Zimmer,Dasher,4,,,,,,,,,,,,,
Zimmer,Dasher,5,,,,,,,,,,,,,
Zimmer,Dasher,6,,,,,,,,,,,,,
Bedpan,Donner,0,,3,,,,3,,5,,,,,the-colosseum
Bedpan,Donner,1,7,12,,,,3,5,5,3,,,,"dmz, the-grove, the-olympiad, the-ridge"
Bedpan,Donner,2,,,,,,,,,,,,,
Bedpan,Donner,3,,,,,,,,,,,,,
Bedpan,Donner,4,,,,,,,,,,,,,
Bedpan,Donner,5,,,,,,,,,,,,,
Bedpan,Donner,6,,,,,,,,,,,,,
Celler Dweller,Donner,0,,3,,,,3,,5,,,,,the-colosseum
Celler Dweller,Donner,1,2,15,,,,3,,5,3,,,,"the-colosseum, the-grove, the-ridge, the-silo"
Celler Dweller,Donner,2,,,,,,,,,,,,,
Celler Dweller,Donner,3,,,,,,,,,,,,,
Celler Dweller,Donner,4,,,,,,,,,,,,,
Celler Dweller,Donner,5,,,,,,,,,,,,,
Celler Dweller,Donner,6,,,,,,,,,,,,,
Chum Bucket,Donner,0,,6,,,5,3,,5,,,,,the-colosseum
Chum Bucket,Donner,1,8,15,,,,3,5,5,3,,,10,"el-coyote, the-grove, the-ridge, the-silo"
Chum Bucket,Donner,2,,,,,,,,,,,,,
Chum Bucket,Donner,3,,,,,,,,,,,,,
Chum Bucket,Donner,4,,,,,,,,,,,,,
Chum Bucket,Donner,5,,,,,,,,,,,,,
Chum Bucket,Donner,6,,,,,,,,,,,,,
Corner Kick,Donner,0,,6,,,,3,,5,,,,,the-colosseum
Corner Kick,Donner,1,4,9,,,,,,,3,,,,"the-colosseum, the-grove"
Corner Kick,Donner,2,,,,,,,,,,,,,
Corner Kick,Donner,3,,,,,,,,,,,,,
Corner Kick,Donner,4,,,,,,,,,,,,,
Corner Kick,Donner,5,,,,,,,,,,,,,
Corner Kick,Donner,6,,,,,,,,,,,,,
HGTV,Donner,0,,,,,,,,,,,,,
HGTV,Donner,1,,,,,,,,,3,,,,
HGTV,Donner,2,,,,,,,,,,,,,
HGTV,Donner,3,,,,,,,,,,,,,
HGTV,Donner,4,,,,,,,,,,,,,
HGTV,Donner,5,,,,,,,,,,,,,
HGTV,Donner,6,,,,,,,,,,,,,
Hanger,Donner,0,,3,,,,,,5,,,,,the-colosseum
Hanger,Donner,1,12,15,5,,,3,,5,3,,,,"da-grizz, the-colosseum, the-grove, the-olympiad, the-ridge"
Hanger,Donner,2,,,,,,,,,,,,,
Hanger,Donner,3,,,,,,,,,,,,,
Hanger,Donner,4,,,,,,,,,,,,,
Hanger,Donner,5,,,,,,,,,,,,,
Hanger,Donner,6,,,,,,,,,,,,,
John Denver,Donner,0,,3,,,,,,5,,,,,the-colosseum
John Denver,Donner,1,3,3,,,,,,,,,,10,the-grove
John Denver,Donner,2,,,,,,,,,,,,,
John Denver,Donner,3,,,,,,,,,,,,,
John Denver,Donner,4,,,,,,,,,,,,,
John Denver,Donner,5,,,,,,,,,,,,,
John Denver,Donner,6,,,,,,,,,,,,,
Juanita,Donner,0,,6,,,,3,,5,,,,,the-colosseum
Juanita,Donner,1,12,12,,,,3,,,3,,,10,"the-grove, the-ridge, the-silo"
Juanita,Donner,2,,,,,,,,,,,,,
Juanita,Donner,3,,,,,,,,,,,,,
Juanita,Donner,4,,,,,,,,,,,,,
Juanita,Donner,5,,,,,,,,,,,,,
Juanita,Donner,6,,,,,,,,,,,,,
Large Marge,Donner,0,,,,,,,,,,,,,
Large Marge,Donner,1,,,,,,,,,,,,,
Large Marge,Donner,2,,,,,,,,,,,,,
Large Marge,Donner,3,,,,,,,,,,,,,
Large Marge,Donner,4,,,,,,,,,,,,,
Large Marge,Donner,5,,,,,,,,,,,,,
Large Marge,Donner,6,,,,,,,,,,,,,
Moist,Donner,0,3,6,,,,,,5,,,,,the-colosseum
Moist,Donner,1,12,15,,,,,,,3,,,,"black-rock, the-grove, the-olympiad, the-ridge"
Moist,Donner,2,,,,,,,,,,,,,
Moist,Donner,3,,,,,,,,,,,,,
Moist,Donner,4,,,,,,,,,,,,,
Moist,Donner,5,,,,,,,,,,,,,
Moist,Donner,6,,,,,,,,,,,,,
Mr. Belding,Donner,0,3,3,,,,,,5,,,,,the-colosseum
Mr. Belding,Donner,1,9,12,,,,,,,3,,,,"the-colosseum, the-grove, the-olympiad, the-silo"
Mr. Belding,Donner,2,,,,,,,,,,,,,
Mr. Belding,Donner,3,,,,,,,,,,,,,
Mr. Belding,Donner,4,,,,,,,,,,,,,
Mr. Belding,Donner,5,,,,,,,,,,,,,
Mr. Belding,Donner,6,,,,,,,,,,,,,
Mr. Kotter,Donner,0,,6,,,,,,5,,1,,,the-colosseum
Mr. Kotter,Donner,1,15,18,,4,,,,,3,1,,,"el-coyote, the-grove, the-olympiad, the-ridge"
Mr. Kotter,Donner,2,,,,,,,,,,,,,
Mr. Kotter,Donner,3,,,,,,,,,,,,,
Mr. Kotter,Donner,4,,,,,,,,,,,,,
Mr. Kotter,Donner,5,,,,,,,,,,,,,
Mr. Kotter,Donner,6,,,,,,,,,,,,,
Peashooter,Donner,0,,,,,,,,,,,,,
Peashooter,Donner,1,9,12,,,,,,5,3,,,,"the-colosseum, the-grove, the-ridge"
Peashooter,Donner,2,,,,,,,,,,,,,
Peashooter,Donner,3,,,,,,,,,,,,,
Peashooter,Donner,4,,,,,,,,,,,,,
Peashooter,Donner,5,,,,,,,,,,,,,
Peashooter,Donner,6,,,,,,,,,,,,,
Pit Boss,Donner,0,,3,,,,,,,,,,,the-colosseum
Pit Boss,Donner,1,2,3,,,,,,,,,,,the-grove
Pit Boss,Donner,2,,,,,,,,,,,,,
Pit Boss,Donner,3,,,,,,,,,,,,,
Pit Boss,Donner,4,,,,,,,,,,,,,
Pit Boss,Donner,5,,,,,,,,,,,,,
Pit Boss,Donner,6,,,,,,,,,,,,,
Storm Chaser,Donner,0,,7,,,,,,5,,,,,the-colosseum
Storm Chaser,Donner,1,12,21,,5,,3,5,,3,,,,"black-rock, da-grizz, ravens-nest, the-olympiad"
Storm Chaser,Donner,2,,,,,,,,,,,,,
Storm Chaser,Donner,3,,,,,,,,,,,,,
Storm Chaser,Donner,4,,,,,,,,,,,,,
Storm Chaser,Donner,5,,,,,,,,,,,,,
Storm Chaser,Donner,6,,,,,,,,,,,,,
Trickle,Donner,0,,3,,,,,,5,,,,,the-colosseum
Trickle,Donner,1,3,6,,,,,5,,,,,,"dmz, the-ridge"
Trickle,Donner,2,,,,,,,,,,,,,
Trickle,Donner,3,,,,,,,,,,,,,
Trickle,Donner,4,,,,,,,,,,,,,
Trickle,Donner,5,,,,,,,,,,,,,
Trickle,Donner,6,,,,,,,,,,,,,
fuzzy navel,Donner,0,,6,,,5,,,5,,,,,the-colosseum
fuzzy navel,Donner,1,3,6,,,,3,5,5,3,,,10,"el-coyote, the-colosseum"
fuzzy navel,Donner,2,,,,,,,,,,,,,
fuzzy navel,Donner,3,,,,,,,,,,,,,
fuzzy navel,Donner,4,,,,,,,,,,,,,
fuzzy navel,Donner,5,,,,,,,,,,,,,
fuzzy navel,Donner,6,,,,,,,,,,,,,
Boomer,Prancer,0,3,6,,,,3,,5,,,,,the-colosseum
Boomer,Prancer,1,10,15,,,,,5,,3,,,,"el-coyote, ravens-nest, the-grove"
Boomer,Prancer,2,,,,,,,,,,,,,
Boomer,Prancer,3,,,,,,,,,,,,,
Boomer,Prancer,4,,,,,,,,,,,,,
Boomer,Prancer,5,,,,,,,,,,,,,
Boomer,Prancer,6,,,,,,,,,,,,,
Deliverance,Prancer,0,,3,,,,,,5,,,,,the-colosseum
Deliverance,Prancer,1,,9,,,,,,5,3,,,,"dmz, the-colosseum, the-grove"
Deliverance,Prancer,2,,,,,,,,,,,,,
Deliverance,Prancer,3,,,,,,,,,,,,,
Deliverance,Prancer,4,,,,,,,,,,,,,
Deliverance,Prancer,5,,,,,,,,,,,,,
Deliverance,Prancer,6,,,,,,,,,,,,,
Depends (3rdF Q),Prancer,0,3,6,,,,3,,5,,,,,the-colosseum
Depends (3rdF Q),Prancer,1,14,24,5,6,,3,5,5,3,,1,,"black-rock, el-coyote, the-colosseum, the-grove, the-olympiad, the-silo"
Depends (3rdF Q),Prancer,2,,,,,,,,,,,,,
Depends (3rdF Q),Prancer,3,,,,,,,,,,,,,
Depends (3rdF Q),Prancer,4,,,,,,,,,,,,,
Depends (3rdF Q),Prancer,5,,,,,,,,,,,,,
Depends (3rdF Q),Prancer,6,,,,,,,,,,,,,
Dilbert,Prancer,0,,3,,,,3,,5,,,,,the-colosseum
Dilbert,Prancer,1,12,12,,,,3,5,,3,,,,"the-colosseum, the-grove"
Dilbert,Prancer,2,,,,,,,,,,,,,
Dilbert,Prancer,3,,,,,,,,,,,,,
Dilbert,Prancer,4,,,,,,,,,,,,,
Dilbert,Prancer,5,,,,,,,,,,,,,
Dilbert,Prancer,6,,,,,,,,,,,,,
Ferkus,Prancer,0,,,,,,,,,,,,,
Ferkus,Prancer,1,,,,,,,,5,,,,,
Ferkus,Prancer,2,,,,,,,,,,,,,
Ferkus,Prancer,3,,,,,,,,,,,,,
Ferkus,Prancer,4,,,,,,,,,,,,,
Ferkus,Prancer,5,,,,,,,,,,,,,
Ferkus,Prancer,6,,,,,,,,,,,,,
Flo,Prancer,0,,3,,,,,,,,,,,the-colosseum
Flo,Prancer,1,8,12,,,,,,,3,,,,"the-colosseum, the-grove, the-ridge, the-silo"
Flo,Prancer,2,,,,,,,,,,,,,
Flo,Prancer,3,,,,,,,,,,,,,
Flo,Prancer,4,,,,,,,,,,,,,
Flo,Prancer,5,,,,,,,,,,,,,
Flo,Prancer,6,,,,,,,,,,,,,
Glass Slipper,Prancer,0,,3,,,,,,5,,,,,the-colosseum
Glass Slipper,Prancer,1,,3,,,,,,,,,,,the-colosseum
Glass Slipper,Prancer,2,,,,,,,,,,,,,
Glass Slipper,Prancer,3,,,,,,,,,,,,,
Glass Slipper,Prancer,4,,,,,,,,,,,,,
Glass Slipper,Prancer,5,,,,,,,,,,,,,
Glass Slipper,Prancer,6,,,,,,,,,,,,,
Hank Hill,Prancer,0,3,6,,,,3,,5,,,,10,the-colosseum
Hank Hill,Prancer,1,12,24,5,6,,3,5,5,3,1,,,"black-rock, el-coyote, ravens-nest, the-colosseum, the-grove"
Hank Hill,Prancer,2,,,,,,,,,,,,,
Hank Hill,Prancer,3,,,,,,,,,,,,,
Hank Hill,Prancer,4,,,,,,,,,,,,,
Hank Hill,Prancer,5,,,,,,,,,,,,,
Hank Hill,Prancer,6,,,,,,,,,,,,,
Hot Boxx,Prancer,0,,,,,,,,,,,,,
Hot Boxx,Prancer,1,,3,,,,,,5,3,,,,el-coyote
Hot Boxx,Prancer,2,,,,,,,,,,,,,
Hot Boxx,Prancer,3,,,,,,,,,,,,,
Hot Boxx,Prancer,4,,,,,,,,,,,,,
Hot Boxx,Prancer,5,,,,,,,,,,,,,
Hot Boxx,Prancer,6,,,,,,,,,,,,,
Liberty Biberty,Prancer,0,3,6,,,,,,5,,,,,the-colosseum
Liberty Biberty,Prancer,1,8,18,5,4,,3,,,3,,,,"black-rock, ravens-nest, the-colosseum, the-grove, the-olympiad"
Liberty Biberty,Prancer,2,,,,,,,,,,,,,
Liberty Biberty,Prancer,3,,,,,,,,,,,,,
Liberty Biberty,Prancer,4,,,,,,,,,,,,,
Liberty Biberty,Prancer,5,,,,,,,,,,,,,
Liberty Biberty,Prancer,6,,,,,,,,,,,,,
Nemo,Prancer,0,3,6,,,,3,,5,,,,,the-colosseum
Nemo,Prancer,1,15,21,5,5,5,,5,5,3,1,,,"black-rock, el-coyote, the-colosseum, the-grove, the-silo"
Nemo,Prancer,2,,,,,,,,,,,,,
Nemo,Prancer,3,,,,,,,,,,,,,
Nemo,Prancer,4,,,,,,,,,,,,,
Nemo,Prancer,5,,,,,,,,,,,,,
Nemo,Prancer,6,,,,,,,,,,,,,
PFG,Prancer,0,,3,,,,,,5,,,,10,the-colosseum
PFG,Prancer,1,,9,,,,,,,3,,,,ravens-nest
PFG,Prancer,2,,,,,,,,,,,,,
PFG,Prancer,3,,,,,,,,,,,,,
PFG,Prancer,4,,,,,,,,,,,,,
PFG,Prancer,5,,,,,,,,,,,,,
PFG,Prancer,6,,,,,,,,,,,,,
Sensodyne,Prancer,0,,,,,,,,,,,,,
Sensodyne,Prancer,1,1,9,,,,,,,3,,,,"the-colosseum, the-olympiad, the-ridge"
Sensodyne,Prancer,2,,,,,,,,,,,,,
Sensodyne,Prancer,3,,,,,,,,,,,,,
Sensodyne,Prancer,4,,,,,,,,,,,,,
Sensodyne,Prancer,5,,,,,,,,,,,,,
Sensodyne,Prancer,6,,,,,,,,,,,,,
Slinky,Prancer,0,,3,,,,,,,,,,,the-colosseum
Slinky,Prancer,1,3,3,,,,,,,3,,,,the-grove
Slinky,Prancer,2,,,,,,,,,,,,,
Slinky,Prancer,3,,,,,,,,,,,,,
Slinky,Prancer,4,,,,,,,,,,,,,
Slinky,Prancer,5,,,,,,,,,,,,,
Slinky,Prancer,6,,,,,,,,,,,,,
Sloppy Joe,Prancer,0,,,,,,,,,,,,,
Sloppy Joe,Prancer,1,,6,,,,,,,,,,,el-coyote
Sloppy Joe,Prancer,2,,,,,,,,,,,,,
Sloppy Joe,Prancer,3,,,,,,,,,,,,,
Sloppy Joe,Prancer,4,,,,,,,,,,,,,
Sloppy Joe,Prancer,5,,,,,,,,,,,,,
Sloppy Joe,Prancer,6,,,,,,,,,,,,,
Spit Valve,Prancer,0,3,6,,,,3,,5,,1,,,the-colosseum
Spit Valve,Prancer,1,15,21,5,5,5,3,5,5,3,1,1,,"da-grizz, el-coyote, the-colosseum, the-grove, the-silo"
Spit Valve,Prancer,2,,,,,,,,,,,,,
Spit Valve,Prancer,3,,,,,,,,,,,,,
Spit Valve,Prancer,4,,,,,,,,,,,,,
Spit Valve,Prancer,5,,,,,,,,,,,,,
Spit Valve,Prancer,6,,,,,,,,,,,,,
The Worm,Prancer,0,,3,,,,,,5,,,,,the-colosseum
The Worm,Prancer,1,5,12,,,,,,,3,,,,"the-colosseum, the-grove, the-silo"
The Worm,Prancer,2,,,,,,,,,,,,,
The Worm,Prancer,3,,,,,,,,,,,,,
The Worm,Prancer,4,,,,,,,,,,,,,
The Worm,Prancer,5,,,,,,,,,,,,,
The Worm,Prancer,6,,,,,,,,,,,,,
Tinfoil,Prancer,0,3,6,,,,,,5,,,,,the-colosseum
Tinfoil,Prancer,1,3,3,,,,,,,3,,,,el-coyote
Tinfoil,Prancer,2,,,,,,,,,,,,,
Tinfoil,Prancer,3,,,,,,,,,,,,,
Tinfoil,Prancer,4,,,,,,,,,,,,,
Tinfoil,Prancer,5,,,,,,,,,,,,,
Tinfoil,Prancer,6,,,,,,,,,,,,,
Wet Bandit,Prancer,0,,,,,,,,,,,,,
Wet Bandit,Prancer,1,,3,,,,,,,3,,,,the-colosseum
Wet Bandit,Prancer,2,,,,,,,,,,,,,
Wet Bandit,Prancer,3,,,,,,,,,,,,,
Wet Bandit,Prancer,4,,,,,,,,,,,,,
Wet Bandit,Prancer,5,,,,,,,,,,,,,
Wet Bandit,Prancer,6,,,,,,,,,,,,,
YellowPages,Prancer,0,,6,,,,3,,5,,,,,the-colosseum
YellowPages,Prancer,1,10,18,5,4,,3,5,,3,,1,,"black-rock, da-grizz, el-coyote, ravens-nest, the-colosseum, the-grove"
YellowPages,Prancer,2,,,,,,,,,,,,,
YellowPages,Prancer,3,,,,,,,,,,,,,
YellowPages,Prancer,4,,,,,,,,,,,,,
YellowPages,Prancer,5,,,,,,,,,,,,,
YellowPages,Prancer,6,,,,,,,,,,,,,
Backstreet,Rudolph,0,,3,,,,,,5,,,,,the-colosseum
Backstreet,Rudolph,1,,6,,,,,,,,,,,"black-rock, the-olympiad"
Backstreet,Rudolph,2,,,,,,,,,,,,,
Backstreet,Rudolph,3,,,,,,,,,,,,,
Backstreet,Rudolph,4,,,,,,,,,,,,,
Backstreet,Rudolph,5,,,,,,,,,,,,,
Backstreet,Rudolph,6,,,,,,,,,,,,,
BoilerUp,Rudolph,0,,,,,,,,,,,,,
BoilerUp,Rudolph,1,1,3,,,,,,,3,,,,the-colosseum
BoilerUp,Rudolph,2,,,,,,,,,,,,,
BoilerUp,Rudolph,3,,,,,,,,,,,,,
BoilerUp,Rudolph,4,,,,,,,,,,,,,
BoilerUp,Rudolph,5,,,,,,,,,,,,,
BoilerUp,Rudolph,6,,,,,,,,,,,,,
Celine Dion,Rudolph,0,,3,,,,,,5,,,,,the-colosseum
Celine Dion,Rudolph,1,,12,,,,,5,,3,1,,,"da-grizz, ravens-nest, the-olympiad, the-ridge"
Celine Dion,Rudolph,2,,,,,,,,,,,,,
Celine Dion,Rudolph,3,,,,,,,,,,,,,
Celine Dion,Rudolph,4,,,,,,,,,,,,,
Celine Dion,Rudolph,5,,,,,,,,,,,,,
Celine Dion,Rudolph,6,,,,,,,,,,,,,
Cowbell,Rudolph,0,,,,,,,,,,,,,
Cowbell,Rudolph,1,,,,,,,,,,,,,
Cowbell,Rudolph,2,,,,,,,,,,,,,
Cowbell,Rudolph,3,,,,,,,,,,,,,
Cowbell,Rudolph,4,,,,,,,,,,,,,
Cowbell,Rudolph,5,,,,,,,,,,,,,
Cowbell,Rudolph,6,,,,,,,,,,,,,
Folgers,Rudolph,0,,3,,,,3,,5,,,,,the-colosseum
Folgers,Rudolph,1,4,,,,,,,,3,,,,
Folgers,Rudolph,2,,,,,,,,,,,,,
Folgers,Rudolph,3,,,,,,,,,,,,,
Folgers,Rudolph,4,,,,,,,,,,,,,
Folgers,Rudolph,5,,,,,,,,,,,,,
Folgers,Rudolph,6,,,,,,,,,,,,,
Foreclosure,Rudolph,0,3,6,,,,,,5,,,,,the-colosseum
Foreclosure,Rudolph,1,12,9,,,,,5,,3,1,,,"black-rock, ravens-nest, the-colosseum"
Foreclosure,Rudolph,2,,,,,,,,,,,,,
Foreclosure,Rudolph,3,,,,,,,,,,,,,
Foreclosure,Rudolph,4,,,,,,,,,,,,,
Foreclosure,Rudolph,5,,,,,,,,,,,,,
Foreclosure,Rudolph,6,,,,,,,,,,,,,
Homer Simpson,Rudolph,0,,,,,,,,,,,,,
Homer Simpson,Rudolph,1,,3,,,,3,,,3,,,,black-rock
Homer Simpson,Rudolph,2,,,,,,,,,,,,,
Homer Simpson,Rudolph,3,,,,,,,,,,,,,
Homer Simpson,Rudolph,4,,,,,,,,,,,,,
Homer Simpson,Rudolph,5,,,,,,,,,,,,,
Homer Simpson,Rudolph,6,,,,,,,,,,,,,
Italian Ice,Rudolph,0,,3,,,,,,5,,,,,the-colosseum
Italian Ice,Rudolph,1,,9,,,,,,,3,,,,"da-grizz, ravens-nest"
Italian Ice,Rudolph,2,,,,,,,,,,,,,
Italian Ice,Rudolph,3,,,,,,,,,,,,,
Italian Ice,Rudolph,4,,,,,,,,,,,,,
Italian Ice,Rudolph,5,,,,,,,,,,,,,
Italian Ice,Rudolph,6,,,,,,,,,,,,,
Mapquest,Rudolph,0,,,,,,,,,,,,,
Mapquest,Rudolph,1,,6,,,,,,,,,,,"the-colosseum, the-olympiad"
Mapquest,Rudolph,2,,,,,,,,,,,,,
Mapquest,Rudolph,3,,,,,,,,,,,,,
Mapquest,Rudolph,4,,,,,,,,,,,,,
Mapquest,Rudolph,5,,,,,,,,,,,,,
Mapquest,Rudolph,6,,,,,,,,,,,,,
Napster,Rudolph,0,3,6,,,,,,5,,,,,the-colosseum
Napster,Rudolph,1,6,12,,,,,5,5,3,,,10,"the-colosseum, the-grove, the-olympiad, the-ridge"
Napster,Rudolph,2,,,,,,,,,,,,,
Napster,Rudolph,3,,,,,,,,,,,,,
Napster,Rudolph,4,,,,,,,,,,,,,
Napster,Rudolph,5,,,,,,,,,,,,,
Napster,Rudolph,6,,,,,,,,,,,,,
Nickelback,Rudolph,0,,3,,,,,,5,,,,,the-colosseum
Nickelback,Rudolph,1,,6,,,,3,,,3,,,,"da-grizz, el-coyote"
Nickelback,Rudolph,2,,,,,,,,,,,,,
Nickelback,Rudolph,3,,,,,,,,,,,,,
Nickelback,Rudolph,4,,,,,,,,,,,,,
Nickelback,Rudolph,5,,,,,,,,,,,,,
Nickelback,Rudolph,6,,,,,,,,,,,,,
Ricola,Rudolph,0,,6,,,,3,,5,,,,10,the-colosseum
Ricola,Rudolph,1,9,10,,,,3,,,3,,,,
Ricola,Rudolph,2,,,,,,,,,,,,,
Ricola,Rudolph,3,,,,,,,,,,,,,
Ricola,Rudolph,4,,,,,,,,,,,,,
Ricola,Rudolph,5,,,,,,,,,,,,,
Ricola,Rudolph,6,,,,,,,,,,,,,
Ringo,Rudolph,0,,3,,,,,,5,,,,,the-colosseum
Ringo,Rudolph,1,9,18,5,4,,3,5,5,3,1,,,"black-rock, da-grizz, el-coyote, ravens-nest, the-colosseum, the-grove"
Ringo,Rudolph,2,,,,,,,,,,,,,
Ringo,Rudolph,3,,,,,,,,,,,,,
Ringo,Rudolph,4,,,,,,,,,,,,,
Ringo,Rudolph,5,,,,,,,,,,,,,
Ringo,Rudolph,6,,,,,,,,,,,,,
Slapshot,Rudolph,0,,3,,,,,,5,,,,,the-colosseum
Slapshot,Rudolph,1,,6,,,,,,,3,,,,"da-grizz, ravens-nest"
Slapshot,Rudolph,2,,,,,,,,,,,,,
Slapshot,Rudolph,3,,,,,,,,,,,,,
Slapshot,Rudolph,4,,,,,,,,,,,,,
Slapshot,Rudolph,5,,,,,,,,,,,,,
Slapshot,Rudolph,6,,,,,,,,,,,,,
Spud,Rudolph,0,,,,,,,,,,,,,
Spud,Rudolph,1,,,,,,,,,,,,,
Spud,Rudolph,2,,,,,,,,,,,,,
Spud,Rudolph,3,,,,,,,,,,,,,
Spud,Rudolph,4,,,,,,,,,,,,,
Spud,Rudolph,5,,,,,,,,,,,,,
Spud,Rudolph,6,,,,,,,,,,,,,
Underdog,Rudolph,0,,6,,,,,,5,,,,,the-colosseum
Underdog,Rudolph,1,6,10,,,,,,,3,,,,
Underdog,Rudolph,2,,,,,,,,,,,,,
Underdog,Rudolph,3,,,,,,,,,,,,,
Underdog,Rudolph,4,,,,,,,,,,,,,
Underdog,Rudolph,5,,,,,,,,,,,,,
Underdog,Rudolph,6,,,,,,,,,,,,,
5-Putt,Vixen,0,,3,,,,,,5,,,,,the-colosseum
5-Putt,Vixen,1,,9,,,,,,,,,,,"dmz, the-colosseum, the-ridge"
5-Putt,Vixen,2,,,,,,,,,,,,,
5-Putt,Vixen,3,,,,,,,,,,,,,
5-Putt,Vixen,4,,,,,,,,,,,,,
5-Putt,Vixen,5,,,,,,,,,,,,,
5-Putt,Vixen,6,,,,,,,,,,,,,
Blue Gill,Vixen,0,,6,,,,3,,5,,,,,the-colosseum
Blue Gill,Vixen,1,12,12,,,,3,5,5,3,1,,,"dmz, the-olympiad, the-ridge, the-silo"
Blue Gill,Vixen,2,,,,,,,,,,,,,
Blue Gill,Vixen,3,,,,,,,,,,,,,
Blue Gill,Vixen,4,,,,,,,,,,,,,
Blue Gill,Vixen,5,,,,,,,,,,,,,
Blue Gill,Vixen,6,,,,,,,,,,,,,
Broomstick,Vixen,0,3,,,,,3,,,,,,,
Broomstick,Vixen,1,15,16,5,,,,,,3,,,,"black-diamond, dmz, the-grove, the-ridge, the-silo"
Broomstick,Vixen,2,,,,,,,,,,,,,
Broomstick,Vixen,3,,,,,,,,,,,,,
Broomstick,Vixen,4,,,,,,,,,,,,,
Broomstick,Vixen,5,,,,,,,,,,,,,
Broomstick,Vixen,6,,,,,,,,,,,,,
Den Mother,Vixen,0,,,,,,,,,,,,,
Den Mother,Vixen,1,,9,,,,3,5,,3,,,,"the-colosseum, the-olympiad, the-silo"
Den Mother,Vixen,2,,,,,,,,,,,,,
Den Mother,Vixen,3,,,,,,,,,,,,,
Den Mother,Vixen,4,,,,,,,,,,,,,
Den Mother,Vixen,5,,,,,,,,,,,,,
Den Mother,Vixen,6,,,,,,,,,,,,,
Dilly Dilly,Vixen,0,,3,,,,,,5,,,,,the-colosseum
Dilly Dilly,Vixen,1,11,15,,,,3,5,,3,1,,,"dmz, the-grove, the-ridge, the-silo"
Dilly Dilly,Vixen,2,,,,,,,,,,,,,
Dilly Dilly,Vixen,3,,,,,,,,,,,,,
Dilly Dilly,Vixen,4,,,,,,,,,,,,,
Dilly Dilly,Vixen,5,,,,,,,,,,,,,
Dilly Dilly,Vixen,6,,,,,,,,,,,,,
Dipstick,Vixen,0,,,,,,,,,,,,,
Dipstick,Vixen,1,,,,,,,,,,,,,
Dipstick,Vixen,2,,,,,,,,,,,,,
Dipstick,Vixen,3,,,,,,,,,,,,,
Dipstick,Vixen,4,,,,,,,,,,,,,
Dipstick,Vixen,5,,,,,,,,,,,,,
Dipstick,Vixen,6,,,,,,,,,,,,,
Fish Tape,Vixen,0,,3,,,,,,5,,,,,the-colosseum
Fish Tape,Vixen,1,,9,,,,,,,,,,,"the-ridge, the-silo"
Fish Tape,Vixen,2,,,,,,,,,,,,,
Fish Tape,Vixen,3,,,,,,,,,,,,,
Fish Tape,Vixen,4,,,,,,,,,,,,,
Fish Tape,Vixen,5,,,,,,,,,,,,,
Fish Tape,Vixen,6,,,,,,,,,,,,,
Ginga,Vixen,0,,3,,,,,,5,,,,,the-colosseum
Ginga,Vixen,1,,3,,,,,,,,,,,the-ridge
Ginga,Vixen,2,,,,,,,,,,,,,
Ginga,Vixen,3,,,,,,,,,,,,,
Ginga,Vixen,4,,,,,,,,,,,,,
Ginga,Vixen,5,,,,,,,,,,,,,
Ginga,Vixen,6,,,,,,,,,,,,,
Go Daddy,Vixen,0,,3,,,,,,5,,,,,the-colosseum
Go Daddy,Vixen,1,,,,,,,,,3,,,,
Go Daddy,Vixen,2,,,,,,,,,,,,,
Go Daddy,Vixen,3,,,,,,,,,,,,,
Go Daddy,Vixen,4,,,,,,,,,,,,,
Go Daddy,Vixen,5,,,,,,,,,,,,,
Go Daddy,Vixen,6,,,,,,,,,,,,,
Hackman,Vixen,0,,3,,,,,,5,,,,,the-colosseum
Hackman,Vixen,1,2,6,,,,,,,,,,,"dmz, the-colosseum"
Hackman,Vixen,2,,,,,,,,,,,,,
Hackman,Vixen,3,,,,,,,,,,,,,
Hackman,Vixen,4,,,,,,,,,,,,,
Hackman,Vixen,5,,,,,,,,,,,,,
Hackman,Vixen,6,,,,,,,,,,,,,
Hat Trick,Vixen,0,,,,,,,,,,,,,
Hat Trick,Vixen,1,6,12,,,,,,5,,,,,"el-coyote, the-grove, the-ridge, the-silo"
Hat Trick,Vixen,2,,,,,,,,,,,,,
Hat Trick,Vixen,3,,,,,,,,,,,,,
Hat Trick,Vixen,4,,,,,,,,,,,,,
Hat Trick,Vixen,5,,,,,,,,,,,,,
Hat Trick,Vixen,6,,,,,,,,,,,,,
Hydrant,Vixen,0,,,,,,,,,,,,,
Hydrant,Vixen,1,,,,,,,,,3,,,,
Hydrant,Vixen,2,,,,,,,,,,,,,
Hydrant,Vixen,3,,,,,,,,,,,,,
Hydrant,Vixen,4,,,,,,,,,,,,,
Hydrant,Vixen,5,,,,,,,,,,,,,
Hydrant,Vixen,6,,,,,,,,,,,,,
Ollie,Vixen,0,,3,,,,,,5,,,,,the-colosseum
Ollie,Vixen,1,,,,,,,,,,,,,
Ollie,Vixen,2,,,,,,,,,,,,,
Ollie,Vixen,3,,,,,,,,,,,,,
Ollie,Vixen,4,,,,,,,,,,,,,
Ollie,Vixen,5,,,,,,,,,,,,,
Ollie,Vixen,6,,,,,,,,,,,,,
Quatro,Vixen,0,,3,,,,,,5,,,,,the-colosseum
Quatro,Vixen,1,5,12,,,,,5,,3,,,,"dmz, the-grove, the-ridge, the-silo"
Quatro,Vixen,2,,,,,,,,,,,,,
Quatro,Vixen,3,,,,,,,,,,,,,
Quatro,Vixen,4,,,,,,,,,,,,,
Quatro,Vixen,5,,,,,,,,,,,,,
Quatro,Vixen,6,,,,,,,,,,,,,
Scuba Steve,Vixen,0,,3,,,,,,5,,,,,the-colosseum
Scuba Steve,Vixen,1,8,12,,,,,5,,3,,,,"the-grove, the-olympiad, the-ridge, the-silo"
Scuba Steve,Vixen,2,,,,,,,,,,,,,
Scuba Steve,Vixen,3,,,,,,,,,,,,,
Scuba Steve,Vixen,4,,,,,,,,,,,,,
Scuba Steve,Vixen,5,,,,,,,,,,,,,
Scuba Steve,Vixen,6,,,,,,,,,,,,,
SoccerMom,Vixen,0,,,,,,,,,,,,,
SoccerMom,Vixen,1,,9,,,,,,,3,,,,"the-colosseum, the-silo"
SoccerMom,Vixen,2,,,,,,,,,,,,,
SoccerMom,Vixen,3,,,,,,,,,,,,,
SoccerMom,Vixen,4,,,,,,,,,,,,,
SoccerMom,Vixen,5,,,,,,,,,,,,,
SoccerMom,Vixen,6,,,,,,,,,,,,,
TPS Report,Vixen,0,,,,,,,,,,,,,
TPS Report,Vixen,1,2,3,,,,,,,3,,,,the-ridge
TPS Report,Vixen,2,,,,,,,,,,,,,
TPS Report,Vixen,3,,,,,,,,,,,,,
TPS Report,Vixen,4,,,,,,,,,,,,,
TPS Report,Vixen,5,,,,,,,,,,,,,
TPS Report,Vixen,6,,,,,,,,,,,,,
Tweety,Vixen,0,3,6,,,,,,5,,,,,the-colosseum
Tweety,Vixen,1,12,12,,,,,,,3,,,,"dmz, the-ridge, the-silo"
Tweety,Vixen,2,,,,,,,,,,,,,
Tweety,Vixen,3,,,,,,,,,,,,,
Tweety,Vixen,4,,,,,,,,,,,,,
Tweety,Vixen,5,,,,,,,,,,,,,
Tweety,Vixen,6,,,,,,,,,,,,,
vern,Vixen,0,,3,,,,,,5,,,,,the-colosseum
vern,Vixen,1,9,9,,,,,,,,,,,"dmz, the-ridge, the-silo"
vern,Vixen,2,,,,,,,,,,,,,
vern,Vixen,3,,,,,,,,,,,,,
vern,Vixen,4,,,,,,,,,,,,,
vern,Vixen,5,,,,,,,,,,,,,
vern,Vixen,6,,,,,,,,,,,,,