date,week,Team,type,points,notes
2025-11-01,0,Prancer,FNG1,3,Slinky
2025-11-01,0,Prancer,Individuals points,197,"['Dilbert', 'YellowPages', 'Hank Hill', 'Spit Valve', 'Boomer', 'Depends (3rdF Q)', 'Nemo', 'Deliverance', 'PFG', 'Flo', 'The Worm', 'Tinfoil', 'Liberty Biberty', 'Glass Slipper', 'Slinky']"
2025-11-01,0,Donner,Individuals points,161,"['Hanger', 'Chum Bucket', 'fuzzy navel', 'Bedpan', 'Juanita', 'Corner Kick', 'Storm Chaser', 'Mr. Kotter', 'Celler Dweller', 'Trickle', 'John Denver', 'Mr. Belding', 'Moist', 'Pit Boss']"
2025-11-01,0,Dasher,Individuals points,183,"['Olive Oyl', 'Trifecta', 'Doozie', 'Scratch and Dent', 'UPS', 'Dog House', 'Zimmer', 'Norm', 'Old Maid', 'Drive By', 'Jellystone', 'LaRussa']"
2025-11-01,0,Dancer,Individuals points,190,"['Sparky', 'Pop-Tart', 'Hodl', 'Foghorn', 'Cinderella', 'TruGreen', 'Phoenix', 'Dear Abby', 'Party in a bottle', 'Boston Butt', 'Cutler', 'Ricochet', 'Thesaurus']"
2025-11-01,0,Cupid,Individuals points,125,"['Soft Hands', 'Duck Hunt', 'Caboose', 'Sparkler', 'Bunker', 'Picasso', 'Spike Horn', 'Candy Man', 'GrubX (CMW)', 'Singer', 'Sizzler', 'Double dipper', 'Chernobyl']"
2025-11-01,0,Comet,Individuals points,352,"['Happy Camper', 'Pull-up', 'Dauber', 'Meta', 'Fire Hose', 'Hot Lava', 'Manhole', 'Algorithm', 'Peterbilt', 'Mahomes', 'Frontier', 'Pearl', 'Tighty Whities', 'Bob Villa', 'Choco Taco', 'Wing Stop (F3 Naperville)', 'DJ Sump Pump', 'Hatchet (Lizard Q)', 'Bambino', 'Toby', 'Second Best', 'Heifer', 'Six Sheets', 'Shankapotomus']"
2025-11-01,0,Blitzen,Individuals points,74,"['Schlitz', 'Pee Wee Herman', 'Gopher', 'Morticia', 'Xena- Warrior Princess', 'Just Dance', 'Kidney Beans']"
2025-11-01,0,Vixen,Santa Locks,10,"ao-the-colosseum-Fall Convergence 2025; Fish Tape, Go Daddy, Scuba Steve, Hackman, vern, 5-Putt, Dilly Dilly, Ginga, Tweety, Ollie, Blue Gill, Quatro"
2025-11-01,0,Rudolph,Santa Locks,10,"ao-the-colosseum-Fall Convergence 2025; Celine Dion, Italian Ice, Slapshot, Underdog, Napster, Ricola, Folgers, Backstreet, Foreclosure, Ringo, Nickelback"
2025-11-01,0,Prancer,Santa Locks,5,"ao-the-colosseum-Spit Valves Bootcamp; Liberty Biberty, Nemo, Spit Valve, YellowPages, Depends (3rdF Q), Boomer, Hank Hill, Tinfoil"
2025-11-01,0,Prancer,Santa Locks,15,"ao-the-colosseum-Fall Convergence 2025; Nemo, Spit Valve, Liberty Biberty, PFG, Glass Slipper, Depends (3rdF Q), YellowPages, Dilbert, Flo, The Worm, Boomer, Hank Hill, Tinfoil, Deliverance, Slinky"
2025-11-01,0,Donner,Santa Locks,5,"ao-the-colosseum-Spit Valves Bootcamp; Moist, Chum Bucket, Corner Kick, fuzzy navel, Juanita, Mr. Kotter"
2025-11-01,0,Donner,Santa Locks,10,"ao-the-colosseum-Fall Convergence 2025; Moist, Hanger, John Denver, Trickle, Bedpan, Celler Dweller, Pit Boss, Storm Chaser, Juanita, fuzzy navel, Mr. Kotter, Corner Kick, Chum Bucket, Mr. Belding"
2025-11-01,0,Dasher,Santa Locks,5,"ao-the-colosseum-Spit Valves Bootcamp; Scratch and Dent, Doozie, Zimmer, UPS, Norm, Olive Oyl, Old Maid, Jellystone"
2025-11-01,0,Dasher,Santa Locks,10,"ao-the-colosseum-Fall Convergence 2025; Doozie, Scratch and Dent, Jellystone, LaRussa, Olive Oyl, Norm, UPS, Dog House, Zimmer, Trifecta, Old Maid"
2025-11-01,0,Dancer,Santa Locks,5,"ao-the-colosseum-Spit Valves Bootcamp; Party in a bottle, Hodl, Ricochet, Pop-Tart, Foghorn, Dear Abby, Cutler, TruGreen, Sparky"
2025-11-01,0,Dancer,Santa Locks,10,"ao-the-colosseum-Fall Convergence 2025; Phoenix, Hodl, Ricochet, Boston Butt, Party in a bottle, Thesaurus, TruGreen, Pop-Tart, Cinderella, Foghorn, Sparky, Cutler, Dear Abby"
2025-11-01,0,Cupid,Santa Locks,10,"ao-the-colosseum-Fall Convergence 2025; Sparkler, Double dipper, Chernobyl, GrubX (CMW), Candy Man, Duck Hunt, Sizzler, Singer, Caboose, Soft Hands, Picasso, Spike Horn"
2025-11-01,0,Comet,Santa Locks,15,"ao-the-colosseum-Spit Valves Bootcamp; Frontier, Pearl, Hatchet (Lizard Q), Meta, Six Sheets, Hot Lava, Manhole, Peterbilt, Pull-up, Mahomes, Happy Camper, Bob Villa, Heifer, Dauber, Algorithm"
2025-11-01,0,Rudolph,Individuals points,122,"['Ringo', 'Ricola', 'Celine Dion', 'Nickelback', 'Foreclosure', 'Napster', 'Folgers', 'Backstreet', 'Italian Ice', 'Slapshot', 'Underdog']"
2025-11-01,0,Vixen,Individuals points,114,"['Blue Gill', 'vern', 'Dilly Dilly', '5-Putt', 'Hackman', 'Quatro', 'Broomstick', 'Tweety', 'Ollie', 'Ginga', 'Fish Tape', 'Go Daddy', 'Scuba Steve']"
2025-11-01,0,Donner,FNG1,3,Pit Boss
2025-11-01,0,Comet,FNG1,3,Choco Taco
2025-11-01,0,Prancer,FNG1,3,Tinfoil
2025-11-01,0,Comet,FNG1,3,Fire Hose
2025-11-01,0,Comet,FNG1,3,Six Sheets
2025-11-01,0,Comet,FNG1,3,Tighty Whities
2025-11-01,0,Comet,FNG1,3,Bambino
2025-11-01,0,Vixen,FNG1,3,Go Daddy
2025-11-01,0,Cupid,FNG1,3,Double dipper
2025-11-01,0,Cupid,FNG1,3,Chernobyl
2025-11-01,0,Comet,FNG1,3,Heifer
2025-11-01,0,Comet,Santa Locks,20,"ao-the-colosseum-Fall Convergence 2025; Shankapotomus, Pearl, Bob Villa, DJ Sump Pump, Second Best, Toby, Happy Camper, Wing Stop (F3 Naperville), Frontier, Hatchet (Lizard Q), Manhole, Hot Lava, Six Sheets, Algorithm, Bambino, Mahomes, Tighty Whities, Peterbilt, Fire Hose, Choco Taco, Pull-up, Dauber, Heifer, Meta"
2025-11-01,0,Blitzen,Santa Locks,5,"ao-the-colosseum-Fall Convergence 2025; Just Dance, Gopher, Kidney Beans, Morticia, Xena- Warrior Princess, Pee Wee Herman, Schlitz"
2025-11-01,0,Prancer,FNG1,3,Glass Slipper
2025-11-01,0,Comet,FNG1,3,Second Best
2025-11-01,0,Comet,FNG1,3,Toby
2025-11-02,1,Vixen,Individuals points,17,"['Hat Trick', 'Blue Gill', 'Dilly Dilly', 'Broomstick', 'Scuba Steve']"
2025-11-02,1,Rudolph,Individuals points,34,"['Ringo', 'Ricola', 'Nickelback', 'Foreclosure', 'Napster', 'BoilerUp']"
2025-11-02,1,Prancer,Individuals points,69,"['Dilbert', 'YellowPages', 'Hank Hill', 'Spit Valve', 'Depends (3rdF Q)', 'Nemo', 'Deliverance', 'Ferkus', 'Hot Boxx', 'Flo', 'The Worm', 'Tinfoil', 'Wet Bandit', 'Slinky']"
2025-11-02,1,Donner,Individuals points,77,"['Hanger', 'Chum Bucket', 'fuzzy navel', 'Bedpan', 'Juanita', 'Storm Chaser', 'Mr. Kotter', 'Celler Dweller', 'John Denver', 'Moist', 'HGTV']"
2025-11-02,1,Dancer,Individuals points,54,"['Sparky', 'Pop-Tart', 'Hodl', 'Foghorn', 'Cinderella', 'TruGreen', 'Dear Abby', 'Party in a bottle', 'Cutler']"
2025-11-02,1,Cupid,Individuals points,38,"['Soft Hands', 'Duck Hunt', 'Caboose', 'Sparkler', 'Bunker', 'Singer']"
2025-11-02,1,Comet,Individuals points,171,"['Pull-up', 'Dauber', 'Meta', 'Hot Lava', 'Manhole', 'Algorithm', 'Peterbilt', 'Mahomes', 'Frontier', 'Pearl', 'Choco Taco', 'DJ Sump Pump', 'Hatchet (Lizard Q)', 'Bambino', 'Toby', 'Second Best', 'Shankapotomus', 'Hot Pants']"
2025-11-02,1,Blitzen,Individuals points,11,"['Schlitz', 'Xena- Warrior Princess']"
2025-11-02,1,Dasher,Individuals points,82,"['BABYMOMMA', 'Olive Oyl', 'Trifecta', 'Doozie', 'Scratch and Dent', 'UPS', 'Dog House', 'Zimmer', 'Norm', 'Old Maid', 'Drive By', 'Jellystone', 'Rooney', 'Scat', 'LaRussa', 'Grinch']"
2025-11-03,1,Blitzen,Santa Locks,5,"ao-the-grove-The Eternal Circle of Chaos; SkidMark, Woody, Kidney Beans, Morticia, Schlitz, Pee Wee Herman, Derailed"
2025-11-03,1,Vixen,Santa Locks,5,"ao-the-silo-RDG week1; Quatro, Blue Gill, Broomstick, Tweety, Hat Trick, SoccerMom, vern, Dilly Dilly"
2025-11-03,1,Prancer,Santa Locks,10,"ao-the-grove-The Eternal Circle of Chaos; Hank Hill, Spit Valve, Deliverance, Nemo, Liberty Biberty, Slinky, The Worm, Flo, YellowPages, Dilbert, Depends (3rdF Q)"
2025-11-03,1,Donner,Santa Locks,10,"ao-the-grove-The Eternal Circle of Chaos; John Denver, Hanger, Bedpan, Celler Dweller, Moist, Pit Boss, Mr. Kotter, Corner Kick, Peashooter, Juanita, Chum Bucket"
2025-11-03,1,Dasher,Santa Locks,5,"ao-the-silo-RDG week1; UPS, Olive Oyl, Old Maid, Zimmer, Jellystone, Doozie, Scratch and Dent, BORG"
2025-11-03,1,Dancer,Santa Locks,5,"ao-the-ridge-Algorithms 3 station BC; Martha Stewart, Hodl, Ricochet, Pop-Tart, Foghorn, TruGreen, Dear Abby, Cutler"
2025-11-03,1,Comet,Santa Locks,5,"ao-the-ridge-Algorithms 3 station BC; Choco Taco, Pearl, Shankapotomus, Algorithm, Six Sheets, Meta, Pull-up, DJ Sump Pump"
2025-11-03,1,Comet,Santa Locks,5,"ao-the-colosseum-Mahome’s Miles; Hot Pants, Hatchet (Lizard Q), Manhole, Hot Lava, Mahomes, Dauber"
2025-11-03,1,Dasher,challenge_flag,0,"No points, Vixen - Tweety was already awarded for today."
2025-11-03,1,Vixen,Individuals points,48,"['Hat Trick', 'Blue Gill', 'vern', 'Dilly Dilly', 'SoccerMom', 'Quatro', 'Broomstick', 'Tweety', 'Scuba Steve']"
2025-11-03,1,Rudolph,Individuals points,40,"['Ringo', 'Ricola', 'Foreclosure', 'Napster', 'Folgers', 'Italian Ice', 'Underdog', 'BoilerUp']"
2025-11-03,1,Prancer,Individuals points,92,"['Dilbert', 'YellowPages', 'Hank Hill', 'Spit Valve', 'Boomer', 'Depends (3rdF Q)', 'Nemo', 'Deliverance', 'PFG', 'Flo', 'The Worm', 'Liberty Biberty', 'Sensodyne', 'Slinky']"
2025-11-03,1,Dasher,Individuals points,85,"['Olive Oyl', 'Doozie', 'Scratch and Dent', 'UPS', 'Dog House', 'Zimmer', 'Norm', 'Old Maid', 'Jellystone', 'Rooney', 'LaRussa', 'BORG']"
2025-11-03,1,Dancer,Individuals points,59,"['Sparky', 'Pop-Tart', 'Hodl', 'Foghorn', 'Cinderella', 'TruGreen', 'Phoenix', 'Dear Abby', 'Cutler', 'Ricochet', 'Martha Stewart']"
2025-11-03,1,Donner,Individuals points,83,"['Hanger', 'Chum Bucket', 'Bedpan', 'Juanita', 'Corner Kick', 'Storm Chaser', 'Peashooter', 'Mr. Kotter', 'Celler Dweller', 'Trickle', 'John Denver', 'Moist', 'Pit Boss']"
2025-11-03,1,Comet,Individuals points,143,"['Happy Camper', 'Pull-up', 'Dauber', 'Meta', 'Fire Hose', 'Hot Lava', 'Manhole', 'Algorithm', 'Peterbilt', 'Mahomes', 'Frontier', 'Pearl', 'Tighty Whities', 'Bob Villa', 'Choco Taco', 'Wing Stop (F3 Naperville)', 'DJ Sump Pump', 'Hatchet (Lizard Q)', 'Second Best', 'Six Sheets', 'Shankapotomus', 'Hot Pants']"
2025-11-03,1,Blitzen,Individuals points,45,"['Derailed', 'Schlitz', 'Pee Wee Herman', 'Gopher', 'Foundation', 'Morticia', 'Just Dance', 'Kidney Beans', 'SkidMark', 'Woody']"
2025-11-03,1,Comet,FNG1,3,Hot Pants
2025-11-03,1,Dasher,FNG1,3,BORG
2025-11-03,1,Dancer,FNG1,3,Martha Stewart
2025-11-03,1,Vixen,FNG1,3,SoccerMom
2025-11-03,1,Vixen,challenge_flag,1,Vixen - Tweety
2025-11-03,1,Cupid,Individuals points,50,"['Great Clips', 'Soft Hands', 'Duck Hunt', 'Caboose', 'Sparkler', 'Bunker', 'Picasso', 'GrubX (CMW)', 'Singer']"
2025-11-04,1,Dancer,Santa Locks,5,"ao-the-colosseum-Bunker’s Beatdown; Party in a bottle, Ricochet, Boston Butt, TruGreen, Cinderella"
2025-11-04,1,Donner,Individuals points,86,"['Hanger', 'Chum Bucket', 'fuzzy navel', 'Bedpan', 'Juanita', 'Corner Kick', 'Storm Chaser', 'Peashooter', 'Mr. Kotter', 'Celler Dweller', 'Mr. Belding', 'Moist']"
2025-11-04,1,Dasher,Individuals points,114,"['BABYMOMMA', 'Olive Oyl', 'Trifecta', 'Doozie', 'Scratch and Dent', 'UPS', 'Dog House', 'Zimmer', 'Norm', 'Old Maid', 'Drive By', 'Jellystone', 'Trojan', 'Rooney', 'Scat', 'LaRussa']"
2025-11-04,1,Dancer,Individuals points,76,"['Sparky', 'Pop-Tart', 'Hodl', 'Cinderella', 'TruGreen', 'Phoenix', 'Dear Abby', 'Party in a bottle', 'Boston Butt', 'Cutler', 'Ricochet']"
2025-11-04,1,Cupid,Individuals points,71,"['Soft Hands', 'Duck Hunt', 'Caboose', 'Sparkler', 'Bunker', 'Picasso', 'Spirit', 'Spike Horn', 'Candy Man', 'GrubX (CMW)', 'Singer', 'Sizzler', 'Otto Man']"
2025-11-04,1,Dasher,Santa Locks,5,"ao-black-rock-Foreclosure Pearls Bootcamp; Rooney, Olive Oyl, Zimmer, Doozie, Jellystone, Scratch and Dent"
2025-11-04,1,Vixen,Santa Locks,10,"ao-the-ridge-Peterbilt 54 Reps Ladder of Pain; Dilly Dilly, vern, Blue Gill, Broomstick, Quatro, Tweety, Kindle, Scuba Steve, Fish Tape, Ginga, Hat Trick"
2025-11-04,1,Prancer,Santa Locks,5,"ao-el-coyote-The games have begun; Spit Valve, Nemo, Sloppy Joe, Hank Hill, Depends (3rdF Q), Tinfoil, Boomer, Hot Boxx"
2025-11-04,1,Dasher,Santa Locks,10,"ao-el-coyote-The games have begun; Doozie, Drive By, Scratch and Dent, Trifecta, Zimmer, LaRussa, Jellystone, Trojan, Scat, Dog House"
2025-11-04,1,Donner,Santa Locks,5,"ao-the-ridge-Peterbilt 54 Reps Ladder of Pain; Hanger, Bedpan, Chum Bucket, Juanita, Peashooter, Celler Dweller"
2025-11-04,1,Prancer,Santa Locks,5,"ao-black-rock-Foreclosure Pearls Bootcamp; YellowPages, Hank Hill, Depends (3rdF Q), Nemo, Liberty Biberty"
2025-11-04,1,Dancer,Santa Locks,5,"ao-black-rock-Foreclosure Pearls Bootcamp; Cutler, Pop-Tart, Dear Abby, Hodl, Phoenix"
2025-11-04,1,Comet,Individuals points,149,"['Happy Camper', 'Pull-up', 'Dauber', 'Meta', 'Hot Lava', 'Manhole', 'Peterbilt', 'Mahomes', 'Frontier', 'Pearl', 'Tighty Whities', 'Bob Villa', 'Choco Taco', 'Wing Stop (F3 Naperville)', 'Hatchet (Lizard Q)', 'Bambino', 'Danica', 'Six Sheets', 'Shankapotomus', 'Hot Pants', 'Jugz']"
2025-11-04,1,Cupid,Santa Locks,5,"ao-black-diamond-Stations at the O; Sizzler, Duck Hunt, GrubX (CMW), Spike Horn, Soft Hands, Sparkler"
2025-11-04,1,Vixen,Individuals points,65,"['Hat Trick', 'Blue Gill', 'Den Mother', 'vern', 'Dilly Dilly', '5-Putt', 'SoccerMom', 'Hackman', 'Quatro', 'Broomstick', 'Tweety', 'Ginga', 'Fish Tape', 'Scuba Steve', 'Kindle']"
2025-11-04,1,Comet,Santa Locks,5,"ao-the-colosseum-Bunker’s Beatdown; Hot Pants, Pearl, Wing Stop (F3 Naperville), Pull-up, Dauber, Mahomes, Tighty Whities"
2025-11-04,1,Comet,Santa Locks,5,"ao-el-coyote-The games have begun; Bambino, Mahomes, Hot Lava, Manhole, Jugz, Peterbilt, Meta, Bob Villa, Dauber"
2025-11-04,1,Comet,Santa Locks,5,"ao-black-rock-Foreclosure Pearls Bootcamp; Six Sheets, Hot Lava, Manhole, Bob Villa, Shankapotomus"
2025-11-04,1,Prancer,Individuals points,107,"['Dilbert', 'YellowPages', 'Hank Hill', 'Spit Valve', 'Boomer', 'Depends (3rdF Q)', 'Nemo', 'Deliverance', 'Hot Boxx', 'Flo', 'The Worm', 'Tinfoil', 'Liberty Biberty', 'Sloppy Joe']"
2025-11-04,1,Rudolph,Individuals points,65,"['Homer Simpson', 'Ringo', 'Ricola', 'Celine Dion', 'Nickelback', 'Foreclosure', 'Napster', 'Backstreet', 'Italian Ice', 'Underdog', 'Mapquest']"
2025-11-04,1,Blitzen,Individuals points,38,"['Pee Wee Herman', 'Morticia', 'Xena- Warrior Princess', 'Just Dance', 'Kidney Beans', 'SkidMark', 'Woody']"
2025-11-04,1,Dasher,FNG1,3,Trojan
2025-11-04,1,Comet,FNG1,3,Danica
2025-11-04,1,Vixen,FNG1,3,Kindle
2025-11-04,1,Comet,FNG1,3,Jugz
2025-11-04,1,Dancer,challenge_flag,1,Dancer - Hodl
2025-11-04,1,Comet,Santa Locks,5,"ao-the-ridge-Peterbilt 54 Reps Ladder of Pain; Danica, Hatchet (Lizard Q), Happy Camper, Meta, Peterbilt"
2025-11-05,1,Comet,FNG5,5,Six Sheets
2025-11-05,1,Dancer,challenge_flag,1,Held from previous claim by Dancer - Hodl
2025-11-05,1,Vixen,Santa Locks,5,"ao-dmz-Dilly's burpees; Tweety, Broomstick, Blue Gill, Quatro, Hackman, vern, 5-Putt, Dilly Dilly"
2025-11-05,1,Prancer,Santa Locks,5,"ao-ravens-nest-Ringo Takes on the Reindeer Games @ The Nest; YellowPages, Hank Hill, PFG, Boomer, Liberty Biberty"
2025-11-05,1,Prancer,Santa Locks,5,"ao-the-silo-Nemo’s 4 Station Beat Down; Flo, The Worm, Depends (3rdF Q), Nemo, Spit Valve"
2025-11-05,1,Vixen,Individuals points,80,"['Blue Gill', 'Den Mother', 'vern', 'Dilly Dilly', '5-Putt', 'SoccerMom', 'Hackman', 'Quatro', 'Broomstick', 'Tweety', 'Fish Tape', 'Scuba Steve']"
2025-11-05,1,Rudolph,Santa Locks,5,"ao-ravens-nest-Ringo Takes on the Reindeer Games @ The Nest; Foreclosure, Slapshot, Celine Dion, Italian Ice, Ringo"
2025-11-05,1,Prancer,Individuals points,72,"['Dilbert', 'YellowPages', 'Hank Hill', 'Spit Valve', 'Boomer', 'Depends (3rdF Q)', 'Nemo', 'Deliverance', 'PFG', 'Flo', 'The Worm', 'Liberty Biberty', 'Sensodyne']"
2025-11-05,1,Donner,Individuals points,96,"['Hanger', 'Chum Bucket', 'fuzzy navel', 'Bedpan', 'Juanita', 'Corner Kick', 'Storm Chaser', 'Peashooter', 'Mr. Kotter', 'Celler Dweller', 'Trickle', 'Mr. Belding', 'Moist']"
2025-11-05,1,Dasher,Individuals points,67,"['Olive Oyl', 'Trifecta', 'Doozie', 'Scratch and Dent', 'UPS', 'Dog House', 'Zimmer', 'Norm', 'Old Maid', 'Jellystone', 'Rooney', 'Scat', 'BORG']"
2025-11-05,1,Dancer,Individuals points,101,"['Sparky', 'Pop-Tart', 'Hodl', 'Foghorn', 'Cinderella', 'TruGreen', 'Phoenix', 'Dear Abby', 'Party in a bottle', 'Boston Butt', 'Cutler', 'Ricochet', 'Martha Stewart']"
2025-11-05,1,Cupid,Individuals points,68,"['Soft Hands', 'Duck Hunt', 'Sparkler', 'Bunker', 'Picasso', 'Spike Horn', 'GrubX (CMW)', 'Singer', 'Chernobyl']"
2025-11-05,1,Comet,Individuals points,141,"['Happy Camper', 'Pull-up', 'Dauber', 'Meta', 'Hot Lava', 'Manhole', 'Algorithm', 'Peterbilt', 'Mahomes', 'Pearl', 'Tighty Whities', 'Bob Villa', 'Choco Taco', 'Wing Stop (F3 Naperville)', 'DJ Sump Pump', 'Hatchet (Lizard Q)', 'Danica', 'Six Sheets']"
2025-11-05,1,Blitzen,Individuals points,40,"['Derailed', 'Pee Wee Herman', 'Morticia', 'Xena- Warrior Princess', 'Just Dance', 'SkidMark', 'Woody', 'Sailer Moon']"
2025-11-05,1,Comet,Santa Locks,5,"ao-dmz-Dilly's burpees; Manhole, Hot Lava, Hatchet (Lizard Q), DJ Sump Pump, Happy Camper"
2025-11-05,1,Comet,Santa Locks,10,"ao-the-silo-Nemo’s 4 Station Beat Down; Meta, Six Sheets, Pull-up, Dauber, Bob Villa, Danica, Mahomes, Tighty Whities, Peterbilt, Pearl"
2025-11-05,1,Rudolph,Individuals points,54,"['Ringo', 'Ricola', 'Celine Dion', 'Foreclosure', 'Napster', 'Folgers', 'Italian Ice', 'Slapshot', 'Underdog']"
2025-11-05,1,Dancer,Santa Locks,10,"ao-the-silo-Nemo’s 4 Station Beat Down; Cinderella, Boston Butt, Dear Abby, TruGreen, Ricochet, Pop-Tart, Hodl, Cutler, Foghorn, Party in a bottle, Martha Stewart, Phoenix"
2025-11-05,1,Dasher,Santa Locks,10,"ao-the-colosseum-Singers Recover, Recover Ruck Club; Dog House, BORG, Doozie, Scratch and Dent, Zimmer, Old Maid, Olive Oyl, Rooney, Scat, Jellystone, Trifecta"
2025-11-05,1,Cupid,Santa Locks,5,"ao-the-colosseum-Singers Recover, Recover Ruck Club; Singer, Spike Horn, Soft Hands, Bunker, GrubX (CMW)"
2025-11-06,1,Vixen,Individuals points,81,"['Hat Trick', 'Blue Gill', 'Den Mother', 'Dilly Dilly', '5-Putt', 'SoccerMom', 'Quatro', 'Broomstick', 'Tweety', 'Fish Tape', 'Scuba Steve', 'TPS Report', 'Kindle', 'Hydrant']"
2025-11-06,1,Prancer,FNG1,3,Circuit City
2025-11-06,1,Vixen,FNG1,3,TPS Report
2025-11-06,1,Rudolph,Individuals points,38,"['Homer Simpson', 'Ringo', 'Celine Dion', 'Foreclosure', 'Napster', 'Folgers', 'Backstreet', 'Mapquest']"
2025-11-06,1,Prancer,Individuals points,136,"['Dilbert', 'YellowPages', 'Hank Hill', 'Spit Valve', 'Boomer', 'Depends (3rdF Q)', 'Nemo', 'PFG', 'Flo', 'The Worm', 'Liberty Biberty', 'Glass Slipper', 'Circuit City', 'Sloppy Joe']"
2025-11-06,1,Donner,Individuals points,49,"['Hanger', 'Chum Bucket', 'Juanita', 'Storm Chaser', 'Mr. Kotter', 'Celler Dweller', 'Mr. Belding', 'Moist']"
2025-11-06,1,Dasher,Individuals points,113,"['Olive Oyl', 'Trifecta', 'Doozie', 'Scratch and Dent', 'UPS', 'Dog House', 'Zimmer', 'Norm', 'Old Maid', 'Trojan', 'Rooney']"
2025-11-06,1,Dancer,Individuals points,134,"['Sparky', 'Pop-Tart', 'Hodl', 'Foghorn', 'Cinderella', 'TruGreen', 'Phoenix', 'Dear Abby', 'Party in a bottle', 'Cutler', 'Ricochet']"
2025-11-06,1,Cupid,Individuals points,61,"['Great Clips', 'Duck Hunt', 'Bunker', 'Picasso', 'Spike Horn', 'Candy Man', 'GrubX (CMW)', 'Singer', 'Sizzler', 'Lot lizard', 'Otto Man']"
2025-11-06,1,Dancer,challenge_flag,1,Held from previous claim by Dancer - Hodl
2025-11-06,1,Comet,Individuals points,247,"['Happy Camper', 'Pull-up', 'Dauber', 'Meta', 'Hot Lava', 'Manhole', 'Algorithm', 'Peterbilt', 'Mahomes', 'Frontier', 'Tighty Whities', 'Bob Villa', 'Choco Taco', 'Wing Stop (F3 Naperville)', 'DJ Sump Pump', 'Hatchet (Lizard Q)', 'Bambino', 'Danica', 'Second Best', 'Six Sheets', 'Shankapotomus', 'Jugz']"
2025-11-06,1,Comet,Santa Locks,10,"ao-el-coyote-Spit Valve ruck/run pt; Mahomes, Bambino, Bob Villa, Dauber, Choco Taco, Frontier, Hot Lava, Manhole, Jugz, Peterbilt, Shankapotomus, Meta"
2025-11-06,1,Comet,Santa Locks,10,"ao-the-olympiad-Bob Villa’s RDG Bootcamp; Danica, Hatchet (Lizard Q), Algorithm, Peterbilt, Hot Lava, Manhole, Mahomes, Shankapotomus, Tighty Whities, Six Sheets, Meta, Pull-up, Dauber, Bob Villa"
2025-11-06,1,Cupid,Santa Locks,5,"ao-the-olympiad-Bob Villa’s RDG Bootcamp; GrubX (CMW), Duck Hunt, Singer, Sizzler, Great Clips, Spike Horn"
2025-11-06,1,Dancer,Santa Locks,5,"ao-el-coyote-Spit Valve ruck/run pt; Sparky, Foghorn, Pop-Tart, Ricochet, Dear Abby, Hodl, Phoenix"
2025-11-06,1,Dancer,Santa Locks,5,"ao-the-olympiad-Bob Villa’s RDG Bootcamp; TruGreen, Foghorn, Cutler, Ricochet, Party in a bottle, Pop-Tart, Phoenix, Hodl, Dear Abby"
2025-11-06,1,Dasher,Santa Locks,5,"ao-the-olympiad-Bob Villa’s RDG Bootcamp; Old Maid, Dog House, Zimmer, Rooney, Scratch and Dent, Trojan"
2025-11-06,1,Donner,Santa Locks,5,"ao-the-olympiad-Bob Villa’s RDG Bootcamp; Mr. Kotter, Moist, Mr. Belding, Storm Chaser, Hanger"
2025-11-06,1,Prancer,Santa Locks,5,"ao-el-coyote-Spit Valve ruck/run pt; Boomer, Spit Valve, Hank Hill, YellowPages, Depends (3rdF Q), Nemo, Sloppy Joe"
2025-11-06,1,Prancer,Santa Locks,5,"ao-the-colosseum-Add 5 Reps; Circuit City, Nemo, Spit Valve, Glass Slipper, Hank Hill, YellowPages, Dilbert, The Worm"
2025-11-06,1,Vixen,Santa Locks,5,"ao-the-ridge-Happy Camper - Parking Lot Pain - ??; Tweety, Dilly Dilly, 5-Putt, TPS Report, Kindle, Fish Tape"
2025-11-06,1,Blitzen,Individuals points,31,"['Schlitz', 'Pee Wee Herman', 'Gopher', 'Morticia', 'Xena- Warrior Princess', 'Kidney Beans']"
2025-11-07,1,Blitzen,Individuals points,48,"['Derailed', 'Schlitz', 'Pee Wee Herman', 'Morticia', 'Just Dance']"
2025-11-07,1,Comet,Individuals points,200,"['Happy Camper', 'Pull-up', 'Dauber', 'Meta', 'Hot Lava', 'Manhole', 'Algorithm', 'Peterbilt', 'Mahomes', 'Frontier', 'Pearl', 'Tighty Whities', 'Bob Villa', 'DJ Sump Pump', 'Hatchet (Lizard Q)', 'Danica', 'Second Best', 'Heifer', 'Six Sheets', 'Shankapotomus']"
2025-11-07,1,Dancer,challenge_flag,1,Held from previous claim by Dancer - Hodl
2025-11-07,1,Donner,Individuals points,86,"['Hanger', 'Chum Bucket', 'Bedpan', 'Juanita', 'Corner Kick', 'Storm Chaser', 'Peashooter', 'Mr. Kotter', 'Celler Dweller', 'Mr. Belding', 'Moist', 'Pit Boss']"
2025-11-07,1,Rudolph,Individuals points,45,"['Homer Simpson', 'Ringo', 'Ricola', 'Celine Dion', 'Nickelback', 'Italian Ice', 'Slapshot', 'Underdog']"
2025-11-07,1,Prancer,Individuals points,126,"['Dilbert', 'YellowPages', 'Hank Hill', 'Spit Valve', 'Boomer', 'Depends (3rdF Q)', 'Nemo', 'The Worm', 'Liberty Biberty', 'Sensodyne', 'Wet Bandit']"
2025-11-07,1,Comet,FNG5,5,Tighty Whities
2025-11-07,1,Dasher,Individuals points,87,"['Trifecta', 'Doozie', 'Scratch and Dent', 'UPS', 'Dog House', 'Zimmer', 'Norm', 'Old Maid', 'Rooney', 'Scat']"
2025-11-07,1,Vixen,Individuals points,75,"['Hat Trick', 'Blue Gill', 'Den Mother', 'vern', 'Dilly Dilly', '5-Putt', 'SoccerMom', 'Hackman', 'Quatro', 'Broomstick', 'Tweety', 'Go Daddy', 'Scuba Steve']"
2025-11-07,1,Cupid,Individuals points,52,"['Soft Hands', 'Duck Hunt', 'Sparkler', 'Bunker', 'Spirit', 'Singer', 'Sizzler', 'Lot lizard']"
2025-11-07,1,Dancer,Individuals points,112,"['Sparky', 'Pop-Tart', 'Hodl', 'Cinderella', 'TruGreen', 'Phoenix', 'Dear Abby', 'Party in a bottle', 'Cutler', 'Ricochet']"
2025-11-07,1,Comet,Santa Locks,5,"ao-the-grove-Double Elevens; Tighty Whities, Hatchet (Lizard Q), Danica, Pearl, Pull-up"
2025-11-07,1,Comet,Santa Locks,5,"ao-the-olympiad-Meta and Ladders; Bob Villa, Mahomes, Frontier, Manhole, Hot Lava, Six Sheets, Meta"
2025-11-07,1,Dancer,Santa Locks,5,"ao-the-colosseum-Party In a Bottle’s 4 Corner Gun Show; Phoenix, Hodl, Cutler, TruGreen, Party in a bottle"
2025-11-07,1,Dasher,Santa Locks,5,"ao-the-grove-Double Elevens; Doozie, Zimmer, Scratch and Dent, Old Maid, UPS"
2025-11-07,1,Donner,Santa Locks,5,"ao-the-grove-Double Elevens; Moist, Mr. Kotter, Peashooter, Corner Kick, Chum Bucket, Juanita, Mr. Belding"
2025-11-07,1,Prancer,Santa Locks,5,"ao-the-colosseum-Party In a Bottle’s 4 Corner Gun Show; Liberty Biberty, Wet Bandit, Nemo, Hank Hill, Depends (3rdF Q), The Worm"
2025-11-07,1,Rudolph,Santa Locks,5,"ao-da-grizz-Grizzly morning with Celine; Celine Dion, Ringo, Nickelback, Italian Ice, Slapshot"
2025-11-07,1,Vixen,Santa Locks,5,"ao-the-grove-Double Elevens; Hat Trick, Scuba Steve, Broomstick, Quatro, Dilly Dilly"
2025-11-07,1,Vixen,Santa Locks,5,"ao-the-ridge-Den mothers Friday; Go Daddy, Tweety, Blue Gill, SoccerMom, vern, Den Mother"
2025-11-08,1,Rudolph,Individuals points,59,"['Homer Simpson', 'Ringo', 'Ricola', 'Celine Dion', 'Napster', 'Folgers', 'Italian Ice', 'Slapshot', 'Cowbell', 'Mapquest']"
2025-11-08,1,Donner,Individuals points,160,"['Hanger', 'Chum Bucket', 'Bedpan', 'Juanita', 'Corner Kick', 'Storm Chaser', 'Mr. Kotter', 'Celler Dweller', 'John Denver', 'Mr. Belding', 'Pit Boss', 'HGTV']"
2025-11-08,1,Dasher,Individuals points,117,"['Olive Oyl', 'Scratch and Dent', 'UPS', 'Dog House', 'Zimmer', 'Norm', 'Old Maid', 'Rooney', 'LaRussa']"
2025-11-08,1,Dancer,Individuals points,132,"['Sparky', 'Pop-Tart', 'Hodl', 'Foghorn', 'Cinderella', 'Phoenix', 'Party in a bottle', 'Ozark', 'Cutler', 'Ricochet', 'Martha Stewart']"
2025-11-08,1,Cupid,Individuals points,88,"['Soft Hands', 'Duck Hunt', 'Caboose', 'Laces Out', 'Spike Horn', 'Candy Man', 'GrubX (CMW)', 'Singer', 'Sizzler', 'Double dipper', 'Chernobyl', 'Otto Man']"
2025-11-08,1,Cupid,challenge_flag,1,Cupid - Singer
2025-11-08,1,Blitzen,Individuals points,15,"['Schlitz', 'Xena- Warrior Princess', 'Kidney Beans']"
2025-11-08,1,Comet,FNG5,5,Danica
2025-11-08,1,Prancer,FNG5,5,Tinfoil
2025-11-08,1,Comet,Individuals points,226,"['Happy Camper', 'Pull-up', 'Dauber', 'Meta', 'Hot Lava', 'Manhole', 'Algorithm', 'Peterbilt', 'Mahomes', 'Pearl', 'Tighty Whities', 'Bob Villa', 'DJ Sump Pump', 'Danica', 'Second Best', 'Heifer', 'Six Sheets', 'Jugz']"
2025-11-08,1,Prancer,Individuals points,119,"['YellowPages', 'Hank Hill', 'Spit Valve', 'Boomer', 'Depends (3rdF Q)', 'Nemo', 'Tinfoil', 'Liberty Biberty', 'Circuit City']"
2025-11-08,1,Prancer,Santa Locks,5,"ao-the-colosseum-Dauber’s Ladder Beatdown; Nemo, Spit Valve, Liberty Biberty, Boomer, Hank Hill, Tinfoil, Depends (3rdF Q)"
2025-11-08,1,Vixen,Santa Locks,5,"ao-the-ridge-Quatro’s Ultimate Football League!; Blue Gill, Quatro, TPS Report, vern, Dilly Dilly, Ginga"
2025-11-08,1,Rudolph,Santa Locks,5,"ao-da-grizz-Da Grizz 500 ?; Ringo, Cowbell, Slapshot, Italian Ice, Celine Dion, Napster, Folgers"
2025-11-08,1,Prancer,Santa Locks,5,"ao-da-grizz-Da Grizz 500 ?; YellowPages, Nemo, Spit Valve, Tinfoil, Hank Hill, Depends (3rdF Q), Boomer"
2025-11-08,1,Donner,Santa Locks,5,"ao-the-ridge-Quatro’s Ultimate Football League!; Chum Bucket, Mr. Belding, Hanger, John Denver, Celler Dweller, Pit Boss"
2025-11-08,1,Donner,Santa Locks,5,"ao-the-colosseum-Dauber’s Ladder Beatdown; Mr. Kotter, Celler Dweller, Bedpan, Juanita, Chum Bucket, Storm Chaser, John Denver"
2025-11-08,1,Dancer,Santa Locks,5,"ao-the-colosseum-Dauber’s Ladder Beatdown; Party in a bottle, Ricochet, Hodl, Phoenix, Sparky, Martha Stewart, Foghorn, Cutler"
2025-11-08,1,Comet,Santa Locks,5,"ao-the-ridge-Quatro’s Ultimate Football League!; Dauber, Bob Villa, Second Best, Algorithm, Mahomes, Tighty Whities, Peterbilt"
2025-11-08,1,Comet,Santa Locks,10,"ao-the-colosseum-Dauber’s Ladder Beatdown; Pearl, Mahomes, Peterbilt, Meta, Happy Camper, Hot Lava, Six Sheets, Dauber, Bob Villa, Algorithm, Danica, Manhole"
2025-11-08,1,Comet,Santa Locks,5,"ao-da-grizz-Da Grizz 500 ?; Meta, Hot Lava, Pearl, Danica, Manhole"
2025-11-08,1,Vixen,Individuals points,80,"['Hat Trick', 'Blue Gill', 'Den Mother', 'vern', 'Dilly Dilly', 'Quatro', 'Ginga', 'TPS Report']"
2025-11-09,2,Blitzen,Individuals points,5,['Schlitz']
2025-11-09,2,Dancer,Individuals points,23,"['Sparky', 'Pop-Tart', 'Phoenix', 'Party in a bottle']"
2025-11-09,2,Cupid,challenge_flag,1,Held from previous claim by Cupid - Singer
2025-11-09,2,Dasher,Individuals points,42,"['BABYMOMMA', 'Olive Oyl', 'Scratch and Dent', 'Dog House', 'Zimmer', 'Norm', 'Jellystone']"
2025-11-09,2,Cupid,Individuals points,13,"['Soft Hands', 'Caboose', 'Sparkler']"
2025-11-09,2,Prancer,Individuals points,38,"['Hank Hill', 'Spit Valve', 'Boomer', 'Nemo', 'Deliverance', 'PFG']"
2025-11-09,2,Rudolph,Individuals points,15,"['Ringo', 'Ricola']"
2025-11-09,2,Vixen,Individuals points,5,['Hat Trick']
2025-11-09,2,Comet,Individuals points,22,"['Meta', 'Hot Lava', 'Manhole', 'Peterbilt', 'Mahomes']"
2025-11-09,2,Donner,Individuals points,17,"['fuzzy navel', 'Celler Dweller', 'Trickle', 'John Denver', 'Large Marge']"
2025-11-10,2,Vixen,Individuals points,48,"['Hat Trick', 'Blue Gill', 'vern', 'Dilly Dilly', '5-Putt', 'Quatro', 'Broomstick', 'Tweety', 'Scuba Steve', 'TPS Report']"
2025-11-10,2,Rudolph,Individuals points,33,"['Ringo', 'Ricola', 'Celine Dion', 'Foreclosure', 'Napster', 'Folgers', 'Underdog']"
2025-11-10,2,Cupid,challenge_flag,1,Cupid - Singer
2025-11-10,2,Prancer,Individuals points,52,"['YellowPages', 'Hank Hill', 'Spit Valve', 'Boomer', 'Depends (3rdF Q)', 'Nemo', 'PFG', 'Flo', 'Tinfoil']"
2025-11-10,2,Dasher,Individuals points,68,"['BABYMOMMA', 'Olive Oyl', 'Trifecta', 'Doozie', 'Scratch and Dent', 'UPS', 'Dog House', 'Zimmer', 'Norm', 'Old Maid', 'Drive By', 'Rooney']"
2025-11-10,2,Donner,Individuals points,63,"['Hanger', 'Chum Bucket', 'fuzzy navel', 'Bedpan', 'Juanita', 'Corner Kick', 'Storm Chaser', 'Peashooter', 'Mr. Kotter', 'John Denver', 'Mr. Belding', 'Moist']"
2025-11-10,2,Cupid,Individuals points,37,"['Soft Hands', 'Caboose', 'Bunker', 'Picasso', 'Candy Man', 'GrubX (CMW)', 'Singer', 'Double dipper']"
2025-11-10,2,Comet,Individuals points,119,"['Happy Camper', 'Pull-up', 'Dauber', 'Meta', 'Hot Lava', 'Manhole', 'Algorithm', 'Peterbilt', 'Mahomes', 'Frontier', 'Pearl', 'Tighty Whities', 'Bob Villa', 'Choco Taco', 'Wing Stop (F3 Naperville)', 'DJ Sump Pump', 'Hatchet (Lizard Q)', 'Danica', 'Six Sheets']"
2025-11-10,2,Blitzen,Individuals points,32,"['Derailed', 'Schlitz', 'Pee Wee Herman', 'Gopher', 'Morticia', 'Just Dance']"
2025-11-10,2,Dancer,Individuals points,54,"['Sparky', 'Pop-Tart', 'Hodl', 'Foghorn', 'Cinderella', 'Dear Abby', 'Cutler', 'Ricochet']"
2025-11-10,2,Donner,Santa Locks,5,"ao-the-silo-Blue Gill Ice Fishing; Moist, Hanger, Mr. Belding, Mr. Kotter, Peashooter"
2025-11-10,2,Donner,Santa Locks,5,"ao-the-ridge-Foghorns Forged -Pilar #1 STRENGTH; Juanita, Corner Kick, Storm Chaser, John Denver, Chum Bucket, Bedpan"
2025-11-10,2,Dasher,Santa Locks,5,"ao-the-silo-Blue Gill Ice Fishing; Scratch and Dent, UPS, BABYMOMMA, Old Maid, Dog House, Zimmer"
2025-11-10,2,Dancer,Santa Locks,5,"ao-the-ridge-Foghorns Forged -Pilar #1 STRENGTH; Cinderella, Hodl, Ricochet, Foghorn, Cutler"
2025-11-10,2,Comet,Santa Locks,5,"ao-the-ridge-Foghorns Forged -Pilar #1 STRENGTH; Hatchet (Lizard Q), Algorithm, Peterbilt, Pull-up, DJ Sump Pump"
2025-11-10,2,Comet,Santa Locks,10,"ao-the-grove-Ringo's Balboa Beatdown; Tighty Whities, Danica, Hot Lava, Manhole, Bob Villa, Happy Camper, Dauber, Meta, Six Sheets, Mahomes, Pearl"
2025-11-10,2,Prancer,Santa Locks,5,"ao-the-grove-Ringo's Balboa Beatdown; Depends (3rdF Q), YellowPages, Tinfoil, Hank Hill, Nemo"
2025-11-10,2,Vixen,Santa Locks,5,"ao-the-silo-Blue Gill Ice Fishing; Scuba Steve, Hat Trick, Broomstick, Blue Gill, Quatro, vern, 5-Putt, Dilly Dilly, Tweety"
2025-11-11,2,Dancer,Individuals points,73,"['Sparky', 'Pop-Tart', 'Hodl', 'Cinderella', 'Phoenix', 'Eleanor', 'Waffle House', 'Dear Abby', 'Party in a bottle', 'Cutler', 'Ricochet']"
2025-11-11,2,Donner,Individuals points,55,"['Hanger', 'Chum Bucket', 'fuzzy navel', 'Bedpan', 'Juanita', 'Peashooter', 'Mr. Kotter', 'Mr. Belding']"
2025-11-11,2,Comet,Individuals points,189,"['Happy Camper', 'Pull-up', 'Dauber', 'Meta', 'Hot Lava', 'Manhole', 'Algorithm', 'Peterbilt', 'Mahomes', 'Frontier', 'Pearl', 'Tighty Whities', 'Bob Villa', 'DJ Sump Pump', 'Bambino', 'Danica', 'Heifer', 'Six Sheets', 'Shankapotomus']"
2025-11-11,2,Blitzen,Individuals points,32,"['Schlitz', 'Pee Wee Herman', 'Morticia', 'Xena- Warrior Princess', 'Just Dance', 'Kidney Beans']"
2025-11-11,2,Prancer,Individuals points,110,"['Dilbert', 'YellowPages', 'Hank Hill', 'Spit Valve', 'Boomer', 'Depends (3rdF Q)', 'The Vault', 'Nemo', 'Deliverance', 'PFG', 'Flo', 'The Worm', 'Tinfoil', 'Circuit City', 'Sloppy Joe']"
2025-11-11,2,Rudolph,Individuals points,50,"['Homer Simpson', 'Ringo', 'Ricola', 'Celine Dion', 'Nickelback', 'Foreclosure', 'Napster', 'Folgers', 'Mapquest']"
2025-11-11,2,Vixen,Individuals points,47,"['Hat Trick', 'Blue Gill', 'vern', 'Dilly Dilly', '5-Putt', 'SoccerMom', 'Broomstick', 'Tweety', 'Fish Tape', 'Scuba Steve']"
2025-11-11,2,Dasher,Individuals points,63,"['BABYMOMMA', 'Olive Oyl', 'Doozie', 'Scratch and Dent', 'UPS', 'Dog House', 'Zimmer', 'Norm', 'Old Maid', 'Rooney']"
2025-11-11,2,Cupid,Individuals points,68,"['Soft Hands', 'Duck Hunt', 'Caboose', 'Sparkler', 'Picasso', 'Candy Man', 'GrubX (CMW)', 'Singer', 'Sizzler', 'Lot lizard']"
2025-11-11,2,Donner,challenge_flag,1,Donner - Mr. Kotter
2025-11-11,2,Comet,Santa Locks,10,"ao-el-coyote-The MURPH; Frontier, Bambino, Mahomes, Dauber, Meta, Six Sheets, Hot Lava, Manhole, Peterbilt, Bob Villa"
2025-11-11,2,Dancer,Santa Locks,5,"ao-the-colosseum-Hodl’s tire flipping beat down.; Cinderella, Cutler, Pop-Tart, Ricochet, Hodl, Party in a bottle"
2025-11-11,2,Dancer,Santa Locks,5,"ao-el-coyote-The MURPH; Eleanor, Phoenix, Hodl, Ricochet, Sparky, Waffle House"
2025-11-11,2,Dasher,Santa Locks,5,"ao-black-rock-Spitty V’s Bootcamp; Zimmer, Dog House, Doozie, Scratch and Dent, Olive Oyl, Rooney, UPS, BABYMOMMA"
2025-11-11,2,Dasher,Santa Locks,5,"ao-el-coyote-The MURPH; Scratch and Dent, Doozie, Dog House, BABYMOMMA, Old Maid"
2025-11-11,2,Prancer,Santa Locks,5,"ao-black-rock-Spitty V’s Bootcamp; Tinfoil, Depends (3rdF Q), Hank Hill, Spit Valve, Nemo, Dilbert, YellowPages, The Worm, Circuit City"
2025-11-11,2,Prancer,Santa Locks,5,"ao-el-coyote-The MURPH; The Vault, Hank Hill, Boomer, Sloppy Joe, Nemo, Spit Valve, The Worm, YellowPages"
2025-11-11,2,Comet,Santa Locks,5,"ao-black-rock-Spitty V’s Bootcamp; Peterbilt, Algorithm, Shankapotomus, Manhole, Hot Lava, Six Sheets, Meta"
2025-11-11,2,Cupid,Santa Locks,5,"ao-black-diamond-Weighted BDRC; Soft Hands, Sparkler, Singer, Sizzler, Duck Hunt"
2025-11-11,2,Vixen,Santa Locks,5,"ao-the-ridge-Happy’s Vet Day; Blue Gill, Hat Trick, Fish Tape, Tweety, 5-Putt, Dilly Dilly, SoccerMom"
2025-11-11,2,Dancer,FNG1,3,Waffle House
2025-11-11,2,Prancer,FNG1,3,The Vault
2025-11-11,2,Dancer,FNG1,3,Eleanor
2025-11-11,2,Vixen,FNG5,5,SoccerMom
2025-11-11,2,Comet,Santa Locks,5,"ao-the-ridge-Happy’s Vet Day; Danica, Dauber, Tighty Whities, Heifer, Bob Villa, Happy Camper"
2025-11-12,2,Comet,Santa Locks,10,"ao-the-colosseum-Dauber’s 4:1 Ruck/Ruffle Club; Dauber, Six Sheets, Hot Lava, Bob Villa, Second Best, Tighty Whities, Shankapotomus, Algorithm, Danica, Manhole"
2025-11-12,2,Comet,FNG5,5,Second Best
2025-11-12,2,Dancer,Santa Locks,5,"ao-ravens-nest-Pop Tart @ Ravens Nest; Pop-Tart, Hodl, Martha Stewart, Ozark, Cutler"
2025-11-12,2,Donner,challenge_flag,1,Donner - Mr. Kotter
2025-11-12,2,Dancer,Individuals points,79,"['Sparky', 'Pop-Tart', 'Hodl', 'Foghorn', 'Cinderella', 'TruGreen', 'Dear Abby', 'Ozark', 'Cutler', 'Ricochet', 'Martha Stewart']"
2025-11-12,2,Blitzen,Individuals points,29,"['Derailed', 'Schlitz', 'Pee Wee Herman', 'Morticia', 'Just Dance', 'SkidMark']"
2025-11-12,2,Comet,Individuals points,142,"['Happy Camper', 'Pull-up', 'Dauber', 'Meta', 'Hot Lava', 'Manhole', 'Algorithm', 'Peterbilt', 'Mahomes', 'Tighty Whities', 'Bob Villa', 'DJ Sump Pump', 'Danica', 'Second Best', 'Six Sheets', 'Shankapotomus']"
2025-11-12,2,Cupid,Individuals points,48,"['Soft Hands', 'Duck Hunt', 'Caboose', 'Sparkler', 'Bunker', 'Picasso', 'Spike Horn', 'Candy Man', 'Singer', 'Lot lizard']"
2025-11-12,2,Dasher,Individuals points,120,"['BABYMOMMA', 'Olive Oyl', 'Trifecta', 'Doozie', 'Scratch and Dent', 'UPS', 'Dog House', 'Zimmer', 'Norm', 'Old Maid', 'Drive By', 'Rooney', 'Scat']"
2025-11-12,2,Dasher,Santa Locks,5,"ao-the-colosseum-Dauber’s 4:1 Ruck/Ruffle Club; BABYMOMMA, Norm, Zimmer, Dog House, Trifecta, Scratch and Dent"
2025-11-12,2,Donner,Individuals points,75,"['Hanger', 'Chum Bucket', 'fuzzy navel', 'Bedpan', 'Juanita', 'Corner Kick', 'Storm Chaser', 'Peashooter', 'Mr. Kotter', 'Trickle', 'John Denver', 'Mr. Belding', 'Moist']"
2025-11-12,2,Donner,Santa Locks,5,"ao-dmz-Schlitzing on the field; Hanger, Trickle, Bedpan, Mr. Belding, Storm Chaser, Chum Bucket, Corner Kick, Mr. Kotter"
2025-11-12,2,Prancer,Santa Locks,5,"ao-ravens-nest-Pop Tart @ Ravens Nest; Circuit City, Boomer, Hank Hill, Spit Valve, The Worm, YellowPages, Depends (3rdF Q)"
2025-11-12,2,Prancer,Santa Locks,5,"ao-the-colosseum-Dauber’s 4:1 Ruck/Ruffle Club; Dilbert, PFG, Tinfoil, Wet Bandit, Nemo"
2025-11-12,2,Vixen,Santa Locks,5,"ao-dmz-Schlitzing on the field; Dilly Dilly, Blue Gill, Tweety, Hat Trick, Scuba Steve"
2025-11-12,2,Vixen,Santa Locks,5,"ao-the-ridge-Scout run with 5-Putt; Broomstick, Quatro, vern, 5-Putt, Hydrant"
2025-11-12,2,Comet,Santa Locks,5,"ao-the-silo-Peterbilt’s Up&Down Ladder; Peterbilt, Meta, Happy Camper, Pull-up, DJ Sump Pump"
2025-11-12,2,Prancer,Individuals points,92,"['Dilbert', 'YellowPages', 'Hank Hill', 'Spit Valve', 'Boomer', 'Depends (3rdF Q)', 'The Vault', 'Nemo', 'Deliverance', 'PFG', 'The Worm', 'Tinfoil', 'Circuit City', 'Sensodyne', 'Wet Bandit']"
2025-11-12,2,Rudolph,Individuals points,43,"['Ringo', 'Ricola', 'Celine Dion', 'Foreclosure', 'Napster', 'Folgers', 'Italian Ice', 'Slapshot', 'Underdog', 'BoilerUp']"
2025-11-12,2,Vixen,Individuals points,63,"['Hat Trick', 'Blue Gill', 'vern', 'Dilly Dilly', '5-Putt', 'Quatro', 'Broomstick', 'Tweety', 'Fish Tape', 'Scuba Steve', 'TPS Report', 'Hydrant']"
2025-11-13,2,Dasher,Individuals points,102,"['BABYMOMMA', 'Olive Oyl', 'Doozie', 'Scratch and Dent', 'UPS', 'Dog House', 'Zimmer', 'Old Maid', 'Drive By', 'Scat', 'BORG']"
2025-11-13,2,Blitzen,Individuals points,28,"['Derailed', 'Schlitz', 'Morticia', 'Xena- Warrior Princess', 'Kidney Beans', 'SkidMark']"
2025-11-13,2,Comet,Individuals points,194,"['Happy Camper', 'Pull-up', 'Dauber', 'Meta', 'Hot Lava', 'Manhole', 'Peterbilt', 'Mahomes', 'Frontier', 'Pearl', 'Bob Villa', 'DJ Sump Pump', 'Danica', 'Six Sheets', 'Shankapotomus']"
2025-11-13,2,Cupid,Individuals points,43,"['Soft Hands', 'Duck Hunt', 'Sparkler', 'Bunker', 'Picasso', 'Candy Man', 'Singer', 'Otto Man']"
2025-11-13,2,Comet,Santa Locks,5,"ao-el-coyote-Mahomes run club week 2 RG; Mahomes, Meta, Peterbilt, Manhole, Hot Lava, DJ Sump Pump, Bob Villa, Dauber, Frontier"
2025-11-13,2,Donner,challenge_flag,1,Held from previous claim by Donner - Mr. Kotter
2025-11-13,2,Dancer,Individuals points,95,"['Sparky', 'Pop-Tart', 'Hodl', 'Foghorn', 'Cinderella', 'Phoenix', 'Dear Abby', 'Party in a bottle', 'Cutler', 'Ricochet']"
2025-11-13,2,Comet,Santa Locks,10,"ao-the-olympiad-Bob Villa’s Bootcamp; Mahomes, Danica, Manhole, Bob Villa, Shankapotomus, Pearl, Dauber, Pull-up, Meta, Hot Lava, Six Sheets"
2025-11-13,2,Donner,Santa Locks,5,"ao-the-ridge-Scat turns 51; Hanger, John Denver, Mr. Belding, Juanita, Mr. Kotter"
2025-11-13,2,Dasher,Santa Locks,5,"ao-the-ridge-Scat turns 51; Scat, UPS, Olive Oyl, Scratch and Dent, BORG, Old Maid"
2025-11-13,2,Prancer,Santa Locks,5,"ao-el-coyote-Mahomes run club week 2 RG; Hank Hill, Dilbert, Slinky, Boomer, Spit Valve"
2025-11-13,2,Prancer,Santa Locks,5,"ao-the-olympiad-Bob Villa’s Bootcamp; Dilbert, Spit Valve, Nemo, Hank Hill, Tinfoil, Liberty Biberty"
2025-11-13,2,Vixen,Santa Locks,5,"ao-black-diamond-Parking Lot Madness at The Ridge; Tweety, Dilly Dilly, vern, Blue Gill, Broomstick"
2025-11-13,2,Vixen,Individuals points,63,"['Hat Trick', 'Blue Gill', 'vern', 'Dilly Dilly', '5-Putt', 'SoccerMom', 'Quatro', 'Broomstick', 'Tweety', 'Fish Tape', 'Scuba Steve', 'TPS Report']"
2025-11-13,2,Rudolph,Individuals points,39,"['Homer Simpson', 'Ricola', 'Celine Dion', 'Foreclosure', 'Napster', 'Underdog', 'Cowbell', 'Mapquest']"
2025-11-13,2,Prancer,Individuals points,110,"['Dilbert', 'YellowPages', 'Hank Hill', 'Spit Valve', 'Boomer', 'Depends (3rdF Q)', 'Nemo', 'PFG', 'Flo', 'Tinfoil', 'Liberty Biberty', 'Slinky']"
2025-11-13,2,Donner,Individuals points,66,"['Hanger', 'Chum Bucket', 'Bedpan', 'Juanita', 'Corner Kick', 'Storm Chaser', 'Mr. Kotter', 'John Denver', 'Mr. Belding']"
2025-11-13,2,Dancer,Santa Locks,5,"ao-the-olympiad-Bob Villa’s Bootcamp; Cutler, Foghorn, Pop-Tart, Ricochet, Hodl, Party in a bottle, Phoenix"
2025-11-14,2,Vixen,Santa Locks,5,"ao-the-ridge-Q school with Dilly; Hat Trick, Dilly Dilly, Blue Gill, Scuba Steve, Ginga"
2025-11-14,2,Donner,Santa Locks,5,"ao-the-grove-Algorithmys Bear Walls for Grove Fridays; Mr. Kotter, Peashooter, Corner Kick, Juanita, John Denver"
2025-11-14,2,Donner,challenge_flag,1,Held from previous claim by Donner - Mr. Kotter
2025-11-14,2,Rudolph,Santa Locks,5,"ao-da-grizz-?Casino Royale?; Italian Ice, Celine Dion, Slapshot, Homer Simpson, Nickelback"
2025-11-14,2,Dasher,Santa Locks,5,"ao-da-grizz-?Casino Royale?; Scratch and Dent, UPS, Norm, Zimmer, Trifecta, BABYMOMMA, Dog House"
2025-11-14,2,Dancer,Santa Locks,5,"ao-the-colosseum-Party in a Tabata; Ricochet, Hodl, Phoenix, Waffle House, HandsOn, Party in a bottle"
2025-11-14,2,Vixen,Individuals points,47,"['Hat Trick', 'Blue Gill', 'vern', 'Dilly Dilly', '5-Putt', 'Broomstick', 'Ginga', 'Scuba Steve']"
2025-11-14,2,Blitzen,Individuals points,45,"['Derailed', 'Schlitz', 'Pee Wee Herman', 'Morticia', 'Just Dance', 'SkidMark']"
2025-11-14,2,Comet,Individuals points,178,"['Happy Camper', 'Pull-up', 'Dauber', 'Meta', 'Fire Hose', 'Hot Lava', 'Manhole', 'Algorithm', 'Peterbilt', 'Mahomes', 'Frontier', 'Pearl', 'Tighty Whities', 'Bob Villa', 'Wing Stop (F3 Naperville)', 'DJ Sump Pump', 'Danica', 'Six Sheets', 'Shankapotomus', 'Jugz']"
2025-11-14,2,Cupid,Individuals points,46,"['Soft Hands', 'Duck Hunt', 'Caboose', 'Sparkler', 'Picasso', 'Laces Out', 'Spike Horn', 'GrubX (CMW)', 'Singer']"
2025-11-14,2,Dancer,Individuals points,100,"['Sparky', 'Pop-Tart', 'Hodl', 'Cinderella', 'Phoenix', 'Waffle House', 'Party in a bottle', 'Ozark', 'Cutler', 'Ricochet', 'Safety Meeting', 'HandsOn']"
2025-11-14,2,Comet,Santa Locks,5,"ao-the-grove-Algorithmys Bear Walls for Grove Fridays; Pearl, Shankapotomus, Danica, Six Sheets, Pull-up, Algorithm"
2025-11-14,2,Dancer,FNG1,3,HandsOn
2025-11-14,2,Dasher,Individuals points,153,"['BABYMOMMA', 'Olive Oyl', 'Trifecta', 'Doozie', 'Scratch and Dent', 'UPS', 'Dog House', 'Zimmer', 'Norm', 'Old Maid', 'Rooney']"
2025-11-14,2,Donner,Individuals points,91,"['Hanger', 'Chum Bucket', 'fuzzy navel', 'Bedpan', 'Juanita', 'Corner Kick', 'Storm Chaser', 'Peashooter', 'Mr. Kotter', 'Celler Dweller', 'John Denver']"
2025-11-14,2,Prancer,Individuals points,135,"['Dilbert', 'YellowPages', 'Hank Hill', 'Spit Valve', 'Boomer', 'Depends (3rdF Q)', 'The Vault', 'Nemo', 'Deliverance', 'PFG', 'Flo', 'The Worm', 'Tinfoil', 'Sensodyne']"
2025-11-14,2,Rudolph,Individuals points,72,"['Homer Simpson', 'Ringo', 'Ricola', 'Celine Dion', 'Nickelback', 'Foreclosure', 'Napster', 'Folgers', 'Italian Ice', 'Slapshot', 'Underdog', 'Cowbell', 'Mapquest']"
2025-11-15,2,Cupid,Santa Locks,5,"ao-da-grizz-Napster's Merkin Challenge; Caboose, Laces Out, Sizzler, Duck Hunt, Soft Hands"
2025-11-15,2,Rudolph,Santa Locks,5,"ao-da-grizz-Napster's Merkin Challenge; Napster, Folgers, Italian Ice, Celine Dion, Slapshot, Ringo, Homer Simpson"
2025-11-15,2,Prancer,Santa Locks,5,"ao-the-colosseum-Phoenix Rising; Deliverance, Boomer, Nemo, Spit Valve, The Worm"
2025-11-15,2,Prancer,Santa Locks,5,"ao-da-grizz-Napster's Merkin Challenge; Depends (3rdF Q), YellowPages, Boomer, Spit Valve, The Worm"
2025-11-15,2,Donner,Santa Locks,5,"ao-the-colosseum-Phoenix Rising; Bedpan, Storm Chaser, Mr. Kotter, Celler Dweller, Juanita"
2025-11-15,2,Dasher,Santa Locks,5,"ao-the-colosseum-Phoenix Rising; Zimmer, Scratch and Dent, Doozie, Jellystone, Old Maid, UPS"
2025-11-15,2,Dancer,Santa Locks,10,"ao-the-colosseum-Phoenix Rising; Party in a bottle, Waffle House, HandsOn, Martha Stewart, Phoenix, Cutler, Hodl, Foghorn, Sparky, Ricochet, Pop-Tart"
2025-11-15,2,Dancer,Santa Locks,5,"ao-da-grizz-Napster's Merkin Challenge; Cinderella, Phoenix, Sparky, Pop-Tart, Ozark, Waffle House"
2025-11-15,2,Comet,Santa Locks,5,"ao-da-grizz-Napster's Merkin Challenge; Manhole, Hot Lava, Danica, Frontier, Fire Hose, Meta, Bambino"
2025-11-15,2,Comet,Santa Locks,5,"ao-the-colosseum-Phoenix Rising; Happy Camper, Bob Villa, Frontier, Bambino, Mahomes, Hot Lava, Manhole, Meta, Peterbilt"
2025-11-15,2,Donner,Santa Locks,5,"ao-da-grizz-Napster's Merkin Challenge; Juanita, HGTV, Large Marge, fuzzy navel, Bedpan"
2025-11-15,2,Dancer,FNG5,5,Martha Stewart
2025-11-15,2,Dasher,challenge_flag,0,"No points, Donner - Mr. Kotter was already awarded for today."
2025-11-15,2,Blitzen,Individuals points,23,"['Schlitz', 'Pee Wee Herman', 'Gopher', 'Xena- Warrior Princess']"
2025-11-15,2,Comet,Individuals points,193,"['Happy Camper', 'Dauber', 'Meta', 'Fire Hose', 'Hot Lava', 'Manhole', 'Peterbilt', 'Mahomes', 'Frontier', 'Pearl', 'Tighty Whities', 'Bob Villa', 'Wing Stop (F3 Naperville)', 'Hatchet (Lizard Q)', 'Bambino', 'Danica', 'Heifer']"
2025-11-15,2,Cupid,Individuals points,85,"['Soft Hands', 'Duck Hunt', 'Caboose', 'Sparkler', 'Laces Out', 'Spike Horn', 'Sizzler', 'Lot lizard']"
2025-11-15,2,Dancer,Individuals points,202,"['Sparky', 'Pop-Tart', 'Hodl', 'Foghorn', 'Cinderella', 'TruGreen', 'Phoenix', 'Eleanor', 'Waffle House', 'Party in a bottle', 'Ozark', 'Cutler', 'Ricochet', 'HandsOn', 'Martha Stewart']"
2025-11-15,2,Dasher,Individuals points,180,"['BABYMOMMA', 'Olive Oyl', 'Doozie', 'Scratch and Dent', 'UPS', 'Dog House', 'Zimmer', 'Norm', 'Old Maid', 'Drive By', 'Jellystone', 'Trojan', 'BORG']"
2025-11-15,2,Donner,Individuals points,120,"['Chum Bucket', 'fuzzy navel', 'Bedpan', 'Juanita', 'Corner Kick', 'Storm Chaser', 'Mr. Kotter', 'Celler Dweller', 'Pit Boss', 'Large Marge', 'HGTV']"
2025-11-15,2,Donner,challenge_flag,1,Donner - Mr. Kotter
2025-11-15,2,Rudolph,Individuals points,128,"['Homer Simpson', 'Ringo', 'Ricola', 'Celine Dion', 'Foreclosure', 'Napster', 'Folgers', 'Italian Ice', 'Slapshot', 'Underdog', 'Cowbell', 'Mapquest']"
2025-11-15,2,Vixen,Individuals points,85,"['Blue Gill', 'Den Mother', 'vern', 'Dilly Dilly', '5-Putt', 'Quatro', 'Scuba Steve']"
2025-11-15,2,Vixen,Santa Locks,5,"ao-the-ridge-Quatros Ultimate Football League; Blue Gill, vern, 5-Putt, Dilly Dilly, Quatro"
2025-11-15,2,Comet,FNG5,5,Bambino
2025-11-15,2,Prancer,Individuals points,148,"['Dilbert', 'YellowPages', 'Hank Hill', 'Spit Valve', 'Boomer', 'Depends (3rdF Q)', 'Nemo', 'Deliverance', 'PFG', 'The Worm']"
2025-11-15,2,Vixen,Santa Locks,5,"ao-the-colosseum-Phoenix Rising; Dilly Dilly, 5-Putt, vern, Scuba Steve, Blue Gill"
2025-11-16,3,Dancer,csaup,80,"TruGreen, Cutler, Sparky, Pop-Tart, Hodl, Phoenix, Martha Stewart, Eleanor, Waffle House"
2025-11-16,3,Blitzen,Individuals points,18,"['Derailed', 'Schlitz', 'Gopher']"
2025-11-16,3,Dasher,Individuals points,34,"['Olive Oyl', 'Doozie', 'Scratch and Dent', 'Norm', 'Jellystone']"
2025-11-16,3,Rudolph,Individuals points,34,"['Ringo', 'Ricola', 'Cowbell', 'BoilerUp']"
2025-11-16,3,Prancer,Individuals points,18,"['Dilbert', 'Spit Valve', 'Sensodyne']"
2025-11-16,3,Vixen,Individuals points,5,['Hat Trick']
2025-11-16,3,Donner,Individuals points,23,"['Hanger', 'Juanita', 'Celler Dweller']"
2025-11-16,3,Dancer,Individuals points,40,"['Sparky', 'Pop-Tart', 'Hodl', 'Martha Stewart', 'Crotch Rocket']"
2025-11-16,3,Cupid,Individuals points,13,"['Soft Hands', 'Caboose', 'Sparkler']"
2025-11-16,3,Donner,challenge_flag,1,Held from previous claim by Donner - Mr. Kotter
2025-11-16,3,Comet,Individuals points,69,"['Happy Camper', 'Pull-up', 'Dauber', 'Meta', 'Manhole', 'Mahomes', 'Frontier', 'Pearl', 'Griner']"
2025-11-17,3,Rudolph,FNG1,3,Rabbit
2025-11-17,3,Donner,FNG5,5,Pit Boss
2025-11-17,3,Comet,FNG5,5,Choco Taco
2025-11-17,3,Dasher,Individuals points,66,"['BABYMOMMA', 'Doozie', 'Scratch and Dent', 'UPS', 'Dog House', 'Norm', 'Old Maid', 'Jellystone', 'Rooney', 'BORG']"
2025-11-17,3,Donner,Individuals points,53,"['Chum Bucket', 'Bedpan', 'Juanita', 'Corner Kick', 'Storm Chaser', 'Mr. Kotter', 'Celler Dweller', 'John Denver', 'Mr. Belding', 'Moist', 'Pit Boss']"
2025-11-17,3,Comet,Santa Locks,5,"ao-the-grove-A Little bit of Monica; Six Sheets, Meta, Dauber, Bob Villa, Happy Camper, Pearl, Danica, Algorithm, Mahomes"
2025-11-17,3,Prancer,Individuals points,74,"['Dilbert', 'YellowPages', 'Hank Hill', 'Spit Valve', 'Boomer', 'Depends (3rdF Q)', 'The Vault', 'PFG', 'The Worm', 'Tinfoil', 'Liberty Biberty', 'Sensodyne']"
2025-11-17,3,Rudolph,Individuals points,49,"['Ringo', 'Ricola', 'Foreclosure', 'Folgers', 'Italian Ice', 'Underdog', 'Rabbit', 'Grunts', 'BoilerUp']"
2025-11-17,3,Vixen,Individuals points,31,"['Hat Trick', 'Blue Gill', 'Den Mother', 'vern', '5-Putt', 'Quatro', 'Tweety', 'Scuba Steve']"
2025-11-17,3,Rudolph,FNG1,3,Grunts
2025-11-17,3,Dasher,FNG5,5,BORG
2025-11-17,3,Comet,Santa Locks,5,"ao-the-ridge-Foghorns Forged series-  Part 3 Courage; Pull-up, Peterbilt, Shankapotomus, Manhole, Choco Taco"
2025-11-17,3,Dasher,challenge_flag,1,Dasher - BORG
2025-11-17,3,Dancer,Santa Locks,5,"ao-the-ridge-Foghorns Forged series-  Part 3 Courage; Cutler, Foghorn, Ricochet, Hodl, Dear Abby"
2025-11-17,3,Dasher,Santa Locks,5,"ao-the-silo-Blue Gill is actually an Oyster! Pearls today; Old Maid, Jellystone, BABYMOMMA, Dog House, BORG, UPS, Doozie, Scratch and Dent"
2025-11-17,3,Donner,Santa Locks,5,"ao-the-ridge-Foghorns Forged series-  Part 3 Courage; Storm Chaser, Bedpan, John Denver, Mr. Belding, Celler Dweller"
2025-11-17,3,Dasher,challenge_flag,0,"No points, Dasher - BORG was already awarded for today."
2025-11-17,3,Vixen,Santa Locks,5,"ao-the-silo-Blue Gill is actually an Oyster! Pearls today; Tweety, Quatro, Blue Gill, vern, Hat Trick, Den Mother, Scuba Steve"
2025-11-17,3,Prancer,Santa Locks,5,"ao-the-grove-A Little bit of Monica; YellowPages, PFG, Dilbert, The Worm, Depends (3rdF Q), Tinfoil, Hank Hill, Spit Valve, The Vault"
2025-11-17,3,Dancer,Individuals points,51,"['Sparky', 'Pop-Tart', 'Hodl', 'Foghorn', 'Cinderella', 'Phoenix', 'Dear Abby', 'Cutler', 'Ricochet']"
2025-11-17,3,Cupid,Individuals points,30,"['Soft Hands', 'Caboose', 'Sparkler', 'Picasso', 'Candy Man', 'GrubX (CMW)', 'Singer']"
2025-11-17,3,Comet,Individuals points,111,"['Happy Camper', 'Pull-up', 'Dauber', 'Meta', 'Hot Lava', 'Manhole', 'Algorithm', 'Peterbilt', 'Mahomes', 'Frontier', 'Pearl', 'Bob Villa', 'Choco Taco', 'Wing Stop (F3 Naperville)', 'Danica', 'Six Sheets', 'Shankapotomus']"
2025-11-17,3,Blitzen,Individuals points,41,"['Derailed', 'Schlitz', 'Pee Wee Herman', 'Morticia', 'Just Dance', 'Kidney Beans', 'SkidMark', 'Woody']"
2025-11-18,3,Rudolph,Santa Locks,5,"ao-black-rock-Jellys Lucky 7s RC; Cowbell, Foreclosure, Celine Dion, Ricola, Ringo"
2025-11-18,3,Rudolph,Individuals points,48,"['Ringo', 'Ricola', 'Celine Dion', 'Foreclosure', 'Napster', 'Folgers', 'Cowbell', 'Mapquest']"
2025-11-18,3,Prancer,Individuals points,92,"['Dilbert', 'Hank Hill', 'Spit Valve', 'Boomer', 'Depends (3rdF Q)', 'Nemo', 'Deliverance', 'PFG', 'Liberty Biberty', 'Glass Slipper', 'Circuit City', 'Sloppy Joe']"
2025-11-18,3,Donner,Individuals points,68,"['Hanger', 'Chum Bucket', 'fuzzy navel', 'Bedpan', 'Juanita', 'Corner Kick', 'Storm Chaser', 'Mr. Kotter', 'Celler Dweller', 'Mr. Belding', 'Moist']"
2025-11-18,3,Dasher,Individuals points,82,"['BABYMOMMA', 'Doozie', 'Scratch and Dent', 'Dog House', 'Zimmer', 'Norm', 'Drive By', 'Jellystone', 'Rooney']"
2025-11-18,3,Dancer,Individuals points,78,"['Sparky', 'Hodl', 'Foghorn', 'Cinderella', 'Phoenix', 'Waffle House', 'Dear Abby', 'Party in a bottle', 'Cutler', 'Ricochet', 'HandsOn']"
2025-11-18,3,Cupid,Individuals points,35,"['Soft Hands', 'Duck Hunt', 'Caboose', 'Sparkler', 'Picasso', 'Sizzler']"
2025-11-18,3,Comet,Individuals points,157,"['Happy Camper', 'Pull-up', 'Dauber', 'Meta', 'Hot Lava', 'Manhole', 'Algorithm', 'Peterbilt', 'Mahomes', 'Pearl', 'Tighty Whities', 'Bob Villa', 'Choco Taco', 'Wing Stop (F3 Naperville)', 'DJ Sump Pump', 'Heifer', 'Six Sheets', 'Shankapotomus']"
2025-11-18,3,Blitzen,Individuals points,35,"['Derailed', 'Schlitz', 'Pee Wee Herman', 'Morticia', 'Xena- Warrior Princess', 'Kidney Beans']"
2025-11-18,3,Dancer,challenge_flag,1,Dancer - Hodl
2025-11-18,3,Vixen,Santa Locks,5,"ao-the-ridge-Dauber 45 Minute of Staggered Pain; Hackman, vern, 5-Putt, Den Mother, Scuba Steve, Fish Tape, Ginga, Hat Trick, Broomstick"
2025-11-18,3,Comet,Santa Locks,5,"ao-the-colosseum-Wingstop’s Pavilion party.; Pull-up, Peterbilt, Bob Villa, Wing Stop (F3 Naperville), Tighty Whities, Shankapotomus"
2025-11-18,3,Comet,Santa Locks,5,"ao-the-ridge-Dauber 45 Minute of Staggered Pain; Heifer, Happy Camper, Dauber, Meta, Mahomes, Six Sheets"
2025-11-18,3,Dancer,FNG5,5,Waffle House
2025-11-18,3,Dancer,Santa Locks,5,"ao-the-colosseum-Wingstop’s Pavilion party.; HandsOn, Waffle House, Party in a bottle, Dear Abby, Ricochet, Phoenix"
2025-11-18,3,Dasher,Santa Locks,5,"ao-black-rock-Jellys Lucky 7s RC; Scratch and Dent, Rooney, BABYMOMMA, Zimmer, Doozie, Jellystone"
2025-11-18,3,Prancer,Santa Locks,5,"ao-black-rock-Jellys Lucky 7s RC; Depends (3rdF Q), Dilbert, Liberty Biberty, PFG, Circuit City, Hank Hill"
2025-11-18,3,Prancer,Santa Locks,5,"ao-el-coyote-Out and back ruck; Spit Valve, Sloppy Joe, Boomer, Hank Hill, Depends (3rdF Q)"
2025-11-18,3,Vixen,Individuals points,34,"['Hat Trick', 'Blue Gill', 'Den Mother', 'vern', 'Dilly Dilly', '5-Putt', 'Hackman', 'Broomstick', 'Ginga', 'Fish Tape', 'Scuba Steve']"
2025-11-18,3,Comet,Santa Locks,5,"ao-el-coyote-Out and back ruck; Dauber, Bob Villa, Pearl, Meta, Mahomes, Peterbilt, Manhole, Hot Lava"
2025-11-19,3,Blitzen,Individuals points,43,"['Derailed', 'Schlitz', 'Pee Wee Herman', 'Morticia', 'Xena- Warrior Princess', 'Just Dance', 'SkidMark']"
2025-11-19,3,Comet,Individuals points,219,"['Happy Camper', 'Pull-up', 'Dauber', 'Meta', 'Hot Lava', 'Manhole', 'Algorithm', 'Peterbilt', 'Mahomes', 'Pearl', 'Tighty Whities', 'Bob Villa', 'Choco Taco', 'Wing Stop (F3 Naperville)', 'DJ Sump Pump', 'Danica', 'Six Sheets', 'Shankapotomus']"
2025-11-19,3,Comet,Santa Locks,5,"ao-the-silo-Cinderella’s OYO Silo Circuit; Pull-up, Bob Villa, Mahomes, Happy Camper, Pearl"
2025-11-19,3,Comet,Santa Locks,10,"ao-ravens-nest-Peterbilt: Live and in Concert at Ravens Nest!; Six Sheets, Meta, Dauber, Shankapotomus, Hot Lava, Manhole, Wing Stop (F3 Naperville), Tighty Whities, Peterbilt, Danica"
2025-11-19,3,Blitzen,Santa Locks,5,"ao-dmz-Den Mother's burner; SkidMark, Pee Wee Herman, Derailed, Schlitz, Morticia"
2025-11-19,3,Prancer,FNG5,5,Circuit City
2025-11-19,3,Rudolph,FNG1,3,Dr. Loco
2025-11-19,3,Donner,Santa Locks,5,"ao-the-silo-Cinderella’s OYO Silo Circuit; Juanita, Corner Kick, Storm Chaser, Hanger, Celler Dweller"
2025-11-19,3,Prancer,Santa Locks,5,"ao-ravens-nest-Peterbilt: Live and in Concert at Ravens Nest!; YellowPages, Boomer, Hank Hill, Depends (3rdF Q), Circuit City"
2025-11-19,3,Prancer,Santa Locks,5,"ao-the-silo-Cinderella’s OYO Silo Circuit; Dilbert, Flo, Spit Valve, Deliverance, Liberty Biberty"
2025-11-19,3,Rudolph,Santa Locks,5,"ao-ravens-nest-Peterbilt: Live and in Concert at Ravens Nest!; Dr. Loco, Ringo, Italian Ice, Dan-D-LION, Celine Dion, Slapshot"
2025-11-19,3,Vixen,Santa Locks,5,"ao-dmz-Den Mother's burner; vern, Dilly Dilly, Broomstick, Den Mother, Scuba Steve, Blue Gill"
2025-11-19,3,Dancer,challenge_flag,1,Held from previous claim by Dancer - Hodl
2025-11-19,3,Dancer,Santa Locks,10,"ao-the-silo-Cinderella’s OYO Silo Circuit; Thesaurus, Cinderella, Cutler, Sparky, Foghorn, Ricochet, Hodl, Phoenix, Waffle House, Crotch Rocket"
2025-11-19,3,Dancer,FNG1,3,Crotch Rocket
2025-11-19,3,Rudolph,FNG1,3,Dan-D-LION
2025-11-19,3,Rudolph,Individuals points,58,"['Ringo', 'Ricola', 'Celine Dion', 'Foreclosure', 'Napster', 'Folgers', 'Italian Ice', 'Slapshot', 'Underdog', 'Grunts', 'Dan-D-LION', 'Dr. Loco']"
2025-11-19,3,Cupid,Individuals points,49,"['Soft Hands', 'Duck Hunt', 'Caboose', 'Sparkler', 'Bunker', 'Picasso', 'Spike Horn', 'Candy Man']"
2025-11-19,3,Dancer,Individuals points,112,"['Sparky', 'Pop-Tart', 'Hodl', 'Foghorn', 'Cinderella', 'TruGreen', 'Phoenix', 'Waffle House', 'Cutler', 'Ricochet', 'Thesaurus', 'Safety Meeting', 'Crotch Rocket']"
2025-11-19,3,Dasher,Individuals points,105,"['BABYMOMMA', 'Olive Oyl', 'Scratch and Dent', 'Dog House', 'Zimmer', 'Norm', 'Old Maid', 'Drive By', 'Jellystone', 'BORG']"
2025-11-19,3,Donner,Individuals points,79,"['Hanger', 'Chum Bucket', 'fuzzy navel', 'Bedpan', 'Juanita', 'Corner Kick', 'Storm Chaser', 'Peashooter', 'Mr. Kotter', 'Celler Dweller', 'Trickle', 'Mr. Belding', 'Moist']"
2025-11-19,3,Prancer,Individuals points,118,"['Dilbert', 'YellowPages', 'Hank Hill', 'Spit Valve', 'Boomer', 'Depends (3rdF Q)', 'Deliverance', 'PFG', 'Flo', 'Tinfoil', 'Liberty Biberty', 'Circuit City', 'Sensodyne']"
2025-11-19,3,Dasher,Santa Locks,5,"ao-the-colosseum-Bunker’s 3:1 Ruck/Ruffle Club; Dog House, Zimmer, Norm, Jellystone, Scratch and Dent, Old Maid"
2025-11-19,3,Vixen,Individuals points,62,"['Blue Gill', 'Den Mother', 'vern', 'Dilly Dilly', '5-Putt', 'SoccerMom', 'Hackman', 'Broomstick', 'Scuba Steve']"
2025-11-20,3,Dancer,Santa Locks,5,"ao-the-olympiad-Bob Villa and the tabata; Ricochet, Hodl, Foghorn, Waffle House, Thesaurus, Cutler, Phoenix, Cinderella"
2025-11-20,3,Vixen,Santa Locks,5,"ao-the-ridge-Vern Burn - Birthday Beatdown; vern, Dilly Dilly, Fish Tape, Quatro, 5-Putt, Blue Gill, Tweety, Ginga"
2025-11-20,3,Prancer,Santa Locks,5,"ao-the-olympiad-Bob Villa and the tabata; Hank Hill, Dilbert, Deliverance, Tinfoil, Depends (3rdF Q), Circuit City, Liberty Biberty"
2025-11-20,3,Blitzen,Santa Locks,5,"ao-the-colosseum-Metallica beatdown!; Xena- Warrior Princess, Pee Wee Herman, Kidney Beans, Schlitz, Morticia"
2025-11-20,3,Comet,Santa Locks,5,"ao-el-coyote-Meta Batton Ruck; Choco Taco, Dauber, Bob Villa, DJ Sump Pump, Meta, Hot Lava, Manhole, Peterbilt"
2025-11-20,3,Prancer,Santa Locks,5,"ao-el-coyote-Meta Batton Ruck; Dilbert, Spit Valve, Sloppy Joe, Boomer, Hank Hill, Depends (3rdF Q)"
2025-11-20,3,Comet,Santa Locks,10,"ao-the-olympiad-Bob Villa and the tabata; Mahomes, Bob Villa, Six Sheets, Dauber, Meta, Pull-up, Shankapotomus, Tighty Whities, Algorithm, Hot Lava"
2025-11-20,3,Donner,Santa Locks,5,"ao-the-ridge-Vern Burn - Birthday Beatdown; Pit Boss, Trickle, Celler Dweller, John Denver, Mr. Belding, Mr. Kotter"
2025-11-20,3,Rudolph,Individuals points,42,"['Homer Simpson', 'Ringo', 'Ricola', 'Celine Dion', 'Napster', 'Underdog', 'Rabbit']"
2025-11-20,3,Prancer,Individuals points,119,"['Dilbert', 'Hank Hill', 'Spit Valve', 'Boomer', 'Depends (3rdF Q)', 'The Vault', 'Nemo', 'Deliverance', 'Flo', 'Tinfoil', 'Liberty Biberty', 'Circuit City', 'Sloppy Joe']"
2025-11-20,3,Donner,Individuals points,53,"['Chum Bucket', 'fuzzy navel', 'Bedpan', 'Storm Chaser', 'Mr. Kotter', 'Celler Dweller', 'Trickle', 'John Denver', 'Mr. Belding', 'Pit Boss']"
2025-11-20,3,Dasher,Individuals points,83,"['BABYMOMMA', 'Olive Oyl', 'Trifecta', 'Scratch and Dent', 'UPS', 'Dog House', 'BORG']"
2025-11-20,3,Dancer,Individuals points,118,"['Sparky', 'Pop-Tart', 'Hodl', 'Foghorn', 'Cinderella', 'Phoenix', 'Waffle House', 'Party in a bottle', 'Cutler', 'Ricochet', 'Thesaurus', 'HandsOn']"
2025-11-20,3,Comet,challenge_flag,1,Comet - Choco Taco
2025-11-20,3,Prancer,FNG5,5,The Vault
2025-11-20,3,Cupid,Individuals points,54,"['Duck Hunt', 'Caboose', 'Sparkler', 'Picasso', 'Candy Man', 'GrubX (CMW)', 'Singer', 'Sizzler']"
2025-11-20,3,Comet,Individuals points,207,"['Happy Camper', 'Pull-up', 'Dauber', 'Meta', 'Hot Lava', 'Manhole', 'Algorithm', 'Peterbilt', 'Mahomes', 'Tighty Whities', 'Bob Villa', 'Choco Taco', 'DJ Sump Pump', 'Danica', 'Six Sheets', 'Shankapotomus']"
2025-11-20,3,Blitzen,Individuals points,27,"['Schlitz', 'Pee Wee Herman', 'Morticia', 'Xena- Warrior Princess', 'Kidney Beans', 'SkidMark', 'Woody']"
2025-11-20,3,Vixen,Individuals points,47,"['Blue Gill', 'vern', 'Dilly Dilly', '5-Putt', 'Quatro', 'Broomstick', 'Tweety', 'Ginga', 'Fish Tape', 'Scuba Steve']"
2025-11-21,3,Dancer,Santa Locks,5,"ao-the-grove-Arm Blaster Hundos; Cutler, Sparky, Ricochet, Hodl, Phoenix, Party in a bottle, Thesaurus"
2025-11-21,3,Vixen,FNG1,3,Stitch
2025-11-21,3,Comet,Santa Locks,5,"ao-the-grove-Arm Blaster Hundos; Hatchet (Lizard Q), Hot Lava, Manhole, Choco Taco, Pull-up, Six Sheets, Shankapotomus"
2025-11-21,3,Prancer,Santa Locks,5,"ao-the-colosseum-Scratch n Dent’s 4 corners; Depends (3rdF Q), Nemo, Tinfoil, Hank Hill, Deliverance, Wet Bandit"
2025-11-21,3,Dancer,Individuals points,86,"['Sparky', 'Pop-Tart', 'Hodl', 'Cinderella', 'TruGreen', 'Phoenix', 'Party in a bottle', 'Cutler', 'Ricochet', 'Thesaurus', 'HandsOn']"
2025-11-21,3,Donner,Individuals points,83,"['Hanger', 'Chum Bucket', 'fuzzy navel', 'Bedpan', 'Juanita', 'Corner Kick', 'Storm Chaser', 'John Denver', 'Moist']"
2025-11-21,3,Dancer,challenge_flag,1,Dancer - Hodl
2025-11-21,3,Blitzen,Individuals points,53,"['Derailed', 'Schlitz', 'Foundation', 'Morticia', 'Just Dance', 'Kidney Beans']"
2025-11-21,3,Comet,Individuals points,164,"['Happy Camper', 'Pull-up', 'Dauber', 'Meta', 'Hot Lava', 'Manhole', 'Algorithm', 'Peterbilt', 'Mahomes', 'Pearl', 'Bob Villa', 'Choco Taco', 'Wing Stop (F3 Naperville)', 'DJ Sump Pump', 'Hatchet (Lizard Q)', 'Danica', 'Six Sheets', 'Shankapotomus']"
2025-11-21,3,Cupid,Individuals points,31,"['Soft Hands', 'Duck Hunt', 'Sparkler', 'Picasso', 'GrubX (CMW)', 'Singer']"
2025-11-21,3,Dasher,Individuals points,67,"['BABYMOMMA', 'Trifecta', 'Scratch and Dent', 'UPS', 'Dog House', 'Norm']"
2025-11-21,3,Prancer,Individuals points,107,"['Dilbert', 'YellowPages', 'Hank Hill', 'Spit Valve', 'Boomer', 'Depends (3rdF Q)', 'The Vault', 'Nemo', 'Deliverance', 'PFG', 'Tinfoil', 'Wet Bandit']"
2025-11-21,3,Rudolph,Individuals points,50,"['Ricola', 'Celine Dion', 'Folgers', 'Backstreet', 'Italian Ice', 'Slapshot', 'Cowbell']"
2025-11-21,3,Vixen,Individuals points,42,"['Blue Gill', 'Dilly Dilly', '5-Putt', 'Hackman', 'Broomstick', 'Fish Tape', 'Scuba Steve', 'Stitch']"
2025-11-22,3,Rudolph,Individuals points,82,"['Homer Simpson', 'Ringo', 'Ricola', 'Celine Dion', 'Nickelback', 'Foreclosure', 'Napster', 'Folgers', 'Italian Ice', 'Slapshot', 'Underdog', 'Cowbell', 'Rabbit']"
2025-11-22,3,Vixen,Individuals points,73,"['Hat Trick', 'Blue Gill', 'Den Mother', 'vern', 'Dilly Dilly', '5-Putt', 'Quatro', 'Broomstick', 'Stitch']"
2025-11-22,3,Rudolph,Santa Locks,5,"ao-da-grizz-Schlitz's Sunrise Ruck; Folgers, Celine Dion, Italian Ice, Slapshot, Cowbell, Napster"
2025-11-22,3,Cupid,Individuals points,65,"['Soft Hands', 'Duck Hunt', 'Sparkler', 'Bunker', 'Picasso', 'Laces Out', 'Spike Horn', 'Singer', 'Chernobyl']"
2025-11-22,3,Rudolph,Santa Locks,5,"ao-da-grizz-Grizz Stuff; Italian Ice, Napster, Folgers, Celine Dion, Slapshot"
2025-11-22,3,Prancer,Santa Locks,5,"ao-the-colosseum-Sparky’s 21 burner!; Hank Hill, Tinfoil, Boomer, Spit Valve, Nemo"
2025-11-22,3,Prancer,Santa Locks,5,"ao-da-grizz-Schlitz's Sunrise Ruck; Spit Valve, Boomer, Tinfoil, Dilbert, YellowPages"
2025-11-22,3,Prancer,Individuals points,122,"['Dilbert', 'YellowPages', 'Hank Hill', 'Spit Valve', 'Boomer', 'Nemo', 'PFG', 'Flo', 'Tinfoil', 'Liberty Biberty']"
2025-11-22,3,Comet,Individuals points,206,"['Happy Camper', 'Pull-up', 'Dauber', 'Meta', 'Hot Lava', 'Manhole', 'Peterbilt', 'Mahomes', 'Pearl', 'Tighty Whities', 'Bob Villa', 'Wing Stop (F3 Naperville)', 'DJ Sump Pump', 'Hatchet (Lizard Q)', 'Danica', 'Shankapotomus']"
2025-11-22,3,Dasher,Individuals points,93,"['BABYMOMMA', 'Doozie', 'Scratch and Dent', 'UPS', 'Dog House', 'Zimmer', 'Norm', 'Drive By', 'Jellystone', 'Trojan', 'Rooney', 'LaRussa']"
2025-11-22,3,Dancer,Individuals points,159,"['Sparky', 'Pop-Tart', 'Hodl', 'Foghorn', 'Cinderella', 'Phoenix', 'Waffle House', 'Dear Abby', 'Party in a bottle', 'Cutler', 'Ricochet', 'Thesaurus', 'HandsOn']"
2025-11-22,3,Comet,Santa Locks,5,"ao-the-colosseum-Sparky’s 21 burner!; Hot Lava, Manhole, Happy Camper, Mahomes, Pearl"
2025-11-22,3,Dancer,Santa Locks,5,"ao-the-ridge-Quatros Ultimate Football League; Sparky, Foghorn, Pop-Tart, Ricochet, Hodl, Cutler"
2025-11-22,3,Blitzen,Individuals points,32,"['Schlitz', 'Pee Wee Herman', 'Foundation', 'Just Dance', 'Sailer Moon']"
2025-11-22,3,Dancer,challenge_flag,1,Held from previous claim by Dancer - Hodl
2025-11-22,3,Comet,Santa Locks,5,"ao-the-ridge-Quatros Ultimate Football League; Manhole, Hot Lava, Dauber, Mahomes, Shankapotomus, Pearl"
2025-11-22,3,Dancer,FNG5,5,HandsOn
2025-11-22,3,Donner,Individuals points,119,"['Hanger', 'Chum Bucket', 'fuzzy navel', 'Bedpan', 'Juanita', 'Corner Kick', 'Storm Chaser', 'Celler Dweller', 'Trickle', 'John Denver', 'Moist', 'Pit Boss', 'HGTV']"
2025-11-22,3,Dancer,Santa Locks,10,"ao-the-colosseum-Sparky’s 21 burner!; Cutler, Sparky, Foghorn, Pop-Tart, Ricochet, Phoenix, Party in a bottle, Thesaurus, Waffle House, HandsOn, Hodl"
2025-11-23,4,Dasher,Individuals points,40,"['BABYMOMMA', 'Olive Oyl', 'Trifecta', 'Scratch and Dent', 'Dog House', 'Zimmer', 'Norm', 'Jellystone']"
2025-11-23,4,Dancer,challenge_flag,1,Held from previous claim by Dancer - Hodl
2025-11-23,4,Dancer,Individuals points,42,"['Pop-Tart', 'TruGreen', 'Phoenix', 'Eleanor', 'Waffle House']"
2025-11-23,4,Blitzen,Individuals points,18,"['Schlitz', 'Just Dance']"
2025-11-23,4,Cupid,Individuals points,5,['Caboose']
2025-11-23,4,Donner,Individuals points,18,"['Chum Bucket', 'Bedpan', 'Juanita', 'Celler Dweller']"
2025-11-23,4,Prancer,Individuals points,44,"['Dilbert', 'Hank Hill', 'Boomer', 'Depends (3rdF Q)', 'Nemo', 'Deliverance', 'Tinfoil']"
2025-11-23,4,Rudolph,Individuals points,18,"['Ricola', 'Folgers', 'BoilerUp']"
2025-11-23,4,Vixen,Individuals points,10,['Broomstick']
2025-11-23,4,Comet,Individuals points,27,"['Dauber', 'Meta', 'Hot Lava', 'Manhole', 'Mahomes', 'Choco Taco', 'Wing Stop (F3 Naperville)']"
2025-11-24,4,Dancer,challenge_flag,1,Held from previous claim by Dancer - Hodl
2025-11-24,4,Comet,Individuals points,112,"['Happy Camper', 'Pull-up', 'Dauber', 'Meta', 'Hot Lava', 'Manhole', 'Algorithm', 'Peterbilt', 'Mahomes', 'Bob Villa', 'Wing Stop (F3 Naperville)', 'DJ Sump Pump', 'Hatchet (Lizard Q)']"
2025-11-24,4,Cupid,Individuals points,36,"['Soft Hands', 'Duck Hunt', 'Caboose', 'Sparkler', 'Bunker', 'Singer', 'Sizzler']"
2025-11-24,4,Dancer,Individuals points,51,"['Sparky', 'Pop-Tart', 'Hodl', 'Foghorn', 'Cinderella', 'Cutler', 'Ricochet', 'Martha Stewart']"
2025-11-24,4,Prancer,FNG1,3,Dungeon Master
2025-11-24,4,Blitzen,Individuals points,25,"['Schlitz', 'Pee Wee Herman', 'Foundation', 'Morticia', 'Just Dance', 'SkidMark']"
2025-11-24,4,Donner,Individuals points,42,"['Hanger', 'Chum Bucket', 'fuzzy navel', 'Bedpan', 'Juanita', 'Storm Chaser', 'Celler Dweller', 'Moist', 'Pit Boss']"
2025-11-24,4,Dancer,Santa Locks,5,"ao-the-ridge-Forged - Foghorns Pillar #3; Ricochet, Martha Stewart, Hodl, Foghorn, Cutler"
2025-11-24,4,Dasher,Santa Locks,5,"ao-the-silo-Coupons and bands; Jellystone, Scratch and Dent, Olive Oyl, Scat, Doozie, Zimmer, Dog House, BORG"
2025-11-24,4,Donner,Santa Locks,5,"ao-the-silo-Coupons and bands; Pit Boss, Celler Dweller, Chum Bucket, Hanger, Juanita"
2025-11-24,4,Prancer,Santa Locks,5,"ao-the-grove-Ringo's Day 1 Gobbler Challenge; Deliverance, Dungeon Master, YellowPages, Dilbert, Hank Hill, Tinfoil"
2025-11-24,4,Comet,Santa Locks,5,"ao-the-silo-Coupons and bands; Happy Camper, Hot Lava, Manhole, Mahomes, Algorithm"
2025-11-24,4,Rudolph,Santa Locks,5,"ao-the-grove-Ringo's Day 1 Gobbler Challenge; Slapshot, Celine Dion, Ringo, Backstreet, Napster"
2025-11-24,4,Vixen,Individuals points,42,"['Blue Gill', 'Den Mother', 'vern', 'Dilly Dilly', '5-Putt', 'Hackman', 'Broomstick', 'Fish Tape', 'Scuba Steve', 'Stitch']"
2025-11-24,4,Rudolph,Individuals points,63,"['Ringo', 'Ricola', 'Celine Dion', 'Foreclosure', 'Napster', 'Backstreet', 'Italian Ice', 'Slapshot', 'Underdog', 'BoilerUp']"
2025-11-24,4,Prancer,Individuals points,92,"['Dilbert', 'YellowPages', 'Hank Hill', 'Spit Valve', 'Boomer', 'Depends (3rdF Q)', 'Nemo', 'Deliverance', 'PFG', 'Flo', 'The Worm', 'Tinfoil', 'Circuit City', 'Sensodyne', 'Dungeon Master']"
2025-11-24,4,Prancer,Santa Locks,5,"ao-the-silo-Coupons and bands; Nemo, Spit Valve, The Worm, Depends (3rdF Q), Boomer"
2025-11-24,4,Dasher,Individuals points,97,"['BABYMOMMA', 'Olive Oyl', 'Trifecta', 'Doozie', 'Scratch and Dent', 'Dog House', 'Zimmer', 'Norm', 'Jellystone', 'Rooney', 'Scat', 'BORG']"
2025-11-25,4,Blitzen,Individuals points,26,"['Schlitz', 'Pee Wee Herman', 'Morticia', 'Xena- Warrior Princess', 'SkidMark']"
2025-11-25,4,Comet,Individuals points,177,"['Happy Camper', 'Pull-up', 'Dauber', 'Meta', 'Hot Lava', 'Manhole', 'Algorithm', 'Peterbilt', 'Mahomes', 'Frontier', 'Pearl', 'Tighty Whities', 'Bob Villa', 'Wing Stop (F3 Naperville)', 'DJ Sump Pump', 'Hatchet (Lizard Q)', 'pep boys']"
2025-11-25,4,Cupid,Individuals points,51,"['Soft Hands', 'Duck Hunt', 'Sparkler', 'Bunker', 'Picasso', 'Spirit', 'GrubX (CMW)', 'Singer']"
2025-11-25,4,Dancer,Individuals points,81,"['Sparky', 'Pop-Tart', 'Hodl', 'Cinderella', 'Phoenix', 'Eleanor', 'Waffle House', 'Dear Abby', 'Party in a bottle', 'Cutler', 'Ricochet', 'DEADBOLT']"
2025-11-25,4,Dasher,Individuals points,107,"['BABYMOMMA', 'Trifecta', 'Doozie', 'Scratch and Dent', 'UPS', 'Dog House', 'Zimmer', 'Norm', 'Drive By', 'Jellystone', 'Rooney']"
2025-11-25,4,Donner,Individuals points,52,"['Hanger', 'Chum Bucket', 'fuzzy navel', 'Corner Kick', 'Storm Chaser', 'John Denver']"
2025-11-25,4,Prancer,Individuals points,76,"['Dilbert', 'Hank Hill', 'Spit Valve', 'Boomer', 'Depends (3rdF Q)', 'Nemo', 'Deliverance', 'Flo', 'Sloppy Joe']"
2025-11-25,4,Rudolph,Individuals points,66,"['Ringo', 'Ricola', 'Celine Dion', 'Nickelback', 'Foreclosure', 'Napster', 'Backstreet', 'Slapshot', 'Cowbell']"
2025-11-25,4,Vixen,Individuals points,31,"['Den Mother', 'vern', 'Dilly Dilly', '5-Putt', 'SoccerMom', 'Hackman', 'Tweety', 'Ginga', 'Stitch']"
2025-11-25,4,Dancer,FNG1,3,DEADBOLT
2025-11-25,4,Dasher,Santa Locks,5,"ao-black-rock-Foreclosures Blood trail Hunt ??; Trifecta, Zimmer, Doozie, Scratch and Dent, BABYMOMMA, Jellystone, UPS"
2025-11-25,4,Dancer,Santa Locks,5,"ao-the-colosseum-Party’s Pavillion Party.; Ricochet, Party in a bottle, Pop-Tart, Cutler, Cinderella"
2025-11-25,4,Dasher,Santa Locks,5,"ao-el-coyote-Gobbler challenge; Drive By, Scratch and Dent, Doozie, BABYMOMMA, Trifecta, Dog House"
2025-11-25,4,Prancer,Santa Locks,5,"ao-black-rock-Foreclosures Blood trail Hunt ??; Depends (3rdF Q), Hank Hill, Boomer, Nemo, Dilbert"
2025-11-25,4,Dancer,challenge_flag,1,Held from previous claim by Dancer - Hodl
2025-11-25,4,Comet,FNG1,3,pep boys
2025-11-25,4,Rudolph,Santa Locks,5,"ao-black-rock-Foreclosures Blood trail Hunt ??; Slapshot, Celine Dion, Foreclosure, Cowbell, Backstreet"
2025-11-25,4,Prancer,Santa Locks,5,"ao-el-coyote-Gobbler challenge; Sloppy Joe, Depends (3rdF Q), Boomer, Hank Hill, Spit Valve"
2025-11-25,4,Comet,Santa Locks,5,"ao-black-rock-Foreclosures Blood trail Hunt ??; Tighty Whities, Hatchet (Lizard Q), Manhole, Pearl, Bob Villa, Happy Camper, Hot Lava"
2025-11-25,4,Comet,Santa Locks,5,"ao-el-coyote-Gobbler challenge; pep boys, Frontier, Meta, Hot Lava, Mahomes, Manhole, Peterbilt, Dauber, Bob Villa"
2025-11-25,4,Dancer,Santa Locks,5,"ao-black-rock-Foreclosures Blood trail Hunt ??; Eleanor, Waffle House, Hodl, Phoenix, Dear Abby"
2025-11-25,4,Dancer,Santa Locks,5,"ao-el-coyote-Gobbler challenge; Ricochet, Phoenix, DEADBOLT, Hodl, Cinderella, Sparky"
2025-11-25,4,Vixen,Santa Locks,5,"ao-the-ridge-John Denver 4 thang beat down.; Den Mother, Hackman, vern, 5-Putt, Tweety, Ginga"
2025-11-26,4,Dancer,Individuals points,132,"['Sparky', 'Pop-Tart', 'Hodl', 'Foghorn', 'Cinderella', 'TruGreen', 'Phoenix', 'Waffle House', 'And1', 'Dear Abby', 'Cutler', 'Ricochet', 'Thesaurus', 'Martha Stewart', 'Crotch Rocket']"
2025-11-26,4,Comet,FNG5,5,Heifer
2025-11-26,4,Blitzen,Individuals points,23,"['Schlitz', 'Pee Wee Herman', 'Morticia']"
2025-11-26,4,Cupid,Individuals points,47,"['Soft Hands', 'Duck Hunt', 'Caboose', 'Sparkler', 'Bunker', 'Picasso', 'GrubX (CMW)']"
2025-11-26,4,Dasher,Individuals points,141,"['BABYMOMMA', 'Trifecta', 'Doozie', 'Scratch and Dent', 'UPS', 'Dog House', 'Zimmer', 'Norm', 'Old Maid', 'Jellystone', 'Rooney']"
2025-11-26,4,Comet,Individuals points,187,"['Happy Camper', 'Pull-up', 'Dauber', 'Meta', 'Hot Lava', 'Manhole', 'Algorithm', 'Peterbilt', 'Mahomes', 'Tighty Whities', 'Bob Villa', 'Choco Taco', 'DJ Sump Pump', 'Hatchet (Lizard Q)', 'Danica', 'Heifer', 'Six Sheets']"
2025-11-26,4,Rudolph,Individuals points,94,"['Homer Simpson', 'Ringo', 'Ricola', 'Celine Dion', 'Foreclosure', 'Napster', 'Backstreet', 'Italian Ice', 'Slapshot', 'Underdog', 'Rabbit', 'Grunts', 'Dan-D-LION', 'Dr. Loco']"
2025-11-26,4,Vixen,Individuals points,37,"['Blue Gill', 'Dilly Dilly', '5-Putt', 'Fish Tape', 'Scuba Steve']"
2025-11-26,4,Dancer,challenge_flag,1,Held from previous claim by Dancer - Hodl
2025-11-26,4,Comet,Santa Locks,5,"ao-the-colosseum-Algorithm’s VQ Ruck Club; Bob Villa, Hot Lava, Manhole, Danica, Algorithm, Tighty Whities, Mahomes"
2025-11-26,4,Dancer,Santa Locks,5,"ao-the-silo-Hodl Brings the Gobbler Challenge; Crotch Rocket, Waffle House, Thesaurus, Martha Stewart, Phoenix, Hodl, Foghorn, Cutler, Dear Abby"
2025-11-26,4,Dasher,Santa Locks,5,"ao-the-colosseum-Algorithm’s VQ Ruck Club; Scratch and Dent, Jellystone, BABYMOMMA, Rooney, Old Maid, Doozie, Norm"
2025-11-26,4,Prancer,Santa Locks,5,"ao-ravens-nest-Pop-Tart's Reindeer Relay @ Ravens; Hank Hill, Spit Valve, YellowPages, Depends (3rdF Q), Nemo"
2025-11-26,4,Rudolph,Santa Locks,5,"ao-ravens-nest-Pop-Tart's Reindeer Relay @ Ravens; Dan-D-LION, Foreclosure, Homer Simpson, Backstreet, Ringo, Italian Ice, Dr. Loco, Celine Dion, Slapshot"
2025-11-26,4,Donner,Individuals points,51,"['Hanger', 'Chum Bucket', 'fuzzy navel', 'Bedpan', 'Corner Kick', 'Storm Chaser', 'Peashooter', 'Moist']"
2025-11-26,4,Prancer,Individuals points,122,"['Dilbert', 'YellowPages', 'Hank Hill', 'Spit Valve', 'Boomer', 'Depends (3rdF Q)', 'Nemo']"
2025-11-27,4,Donner,Individuals points,43,"['Hanger', 'Chum Bucket', 'fuzzy navel', 'Bedpan', 'Juanita', 'Storm Chaser', 'Celler Dweller']"
2025-11-27,4,Blitzen,Individuals points,18,"['Pee Wee Herman', 'Foundation', 'Xena- Warrior Princess']"
2025-11-27,4,Cupid,Individuals points,16,"['Sparkler', 'Bunker', 'Spike Horn']"
2025-11-27,4,Dancer,Individuals points,51,"['Sparky', 'Hodl', 'Cutler', 'Ricochet']"
2025-11-27,4,Dasher,Individuals points,69,"['Olive Oyl', 'Scratch and Dent', 'UPS', 'Dog House', 'Jellystone', 'Rooney']"
2025-11-27,4,Prancer,Individuals points,56,"['Dilbert', 'Hank Hill', 'Spit Valve', 'Boomer', 'Nemo', 'PFG', 'Tinfoil']"
2025-11-27,4,Rudolph,Individuals points,23,"['Ringo', 'Ricola', 'Celine Dion', 'Foreclosure', 'Slapshot']"
2025-11-27,4,Vixen,Individuals points,15,"['5-Putt', 'Broomstick', 'Ginga', 'Fish Tape', 'Scuba Steve']"
2025-11-27,4,Comet,Santa Locks,5,"ao-the-olympiad-Gobbler Challenge; Hatchet (Lizard Q), Manhole, Mahomes, Dauber, Pull-up, Six Sheets, Bob Villa, Meta, Hot Lava"
2025-11-27,4,Prancer,Santa Locks,5,"ao-black-diamond-The Prancer Party; Nemo, Tinfoil, Spit Valve, Hank Hill, Dilbert"
2025-11-27,4,Comet,Individuals points,168,"['Happy Camper', 'Pull-up', 'Dauber', 'Meta', 'Hot Lava', 'Manhole', 'Peterbilt', 'Mahomes', 'Pearl', 'Bob Villa', 'Choco Taco', 'Wing Stop (F3 Naperville)', 'DJ Sump Pump', 'Hatchet (Lizard Q)', 'Second Best', 'Heifer', 'Six Sheets']"
2025-11-27,4,Dancer,challenge_flag,1,Held from previous claim by Dancer - Hodl
2025-11-28,4,Dancer,FNG1,3,Four Square
2025-11-28,4,Blitzen,Individuals points,11,"['Schlitz', 'Foundation']"
2025-11-28,4,Comet,Individuals points,118,"['Happy Camper', 'Pull-up', 'Dauber', 'Hot Lava', 'Manhole', 'Peterbilt', 'Mahomes', 'Tighty Whities', 'Bob Villa', 'DJ Sump Pump', 'Heifer']"
2025-11-28,4,Cupid,Individuals points,35,"['Soft Hands', 'Duck Hunt', 'Caboose', 'Sparkler', 'Spike Horn', 'Otto Man']"
2025-11-28,4,Dancer,Individuals points,50,"['Sparky', 'Pop-Tart', 'Hodl', 'Cinderella', 'Phoenix', 'Waffle House', 'And1', 'Dear Abby', 'Cutler', 'Ricochet', 'Four Square']"
2025-11-28,4,Dasher,Individuals points,92,"['BABYMOMMA', 'Trifecta', 'Doozie', 'Scratch and Dent', 'UPS', 'Dog House', 'Norm', 'Jellystone', 'Rooney']"
2025-11-28,4,Donner,Individuals points,21,"['Chum Bucket', 'Bedpan', 'Corner Kick', 'Storm Chaser', 'Mr. Kotter']"
2025-11-28,4,Prancer,Individuals points,100,"['Dilbert', 'YellowPages', 'Hank Hill', 'Spit Valve', 'Boomer', 'Depends (3rdF Q)', 'Nemo', 'Deliverance', 'PFG', 'Slinky']"
2025-11-28,4,Rudolph,Individuals points,67,"['Ricola', 'Celine Dion', 'Foreclosure', 'Napster', 'Backstreet', 'Italian Ice', 'Slapshot', 'Cowbell']"
2025-11-28,4,Dancer,challenge_flag,1,Held from previous claim by Dancer - Hodl
2025-11-28,4,Prancer,Santa Locks,5,"ao-da-grizz-CTF@DG; Spit Valve, Hank Hill, Boomer, Depends (3rdF Q), YellowPages"
2025-11-28,4,Dancer,Santa Locks,5,"ao-the-olympiad-Running off the turkey..; Waffle House, Four Square, Cinderella, Ricochet, Phoenix, Hodl"
2025-11-28,4,Rudolph,Santa Locks,5,"ao-da-grizz-CTF@DG; Celine Dion, Italian Ice, Slapshot, Cowbell, Backstreet"
2025-11-28,4,Vixen,Individuals points,9,"['Blue Gill', 'Dilly Dilly', 'Broomstick']"
2025-11-29,4,Comet,Individuals points,131,"['Happy Camper', 'Pull-up', 'Dauber', 'Meta', 'Fire Hose', 'Hot Lava', 'Manhole', 'Peterbilt', 'Mahomes', 'Frontier', 'Pearl', 'Bob Villa', 'Wing Stop (F3 Naperville)', 'DJ Sump Pump', 'Shankapotomus']"
2025-11-29,4,Dancer,Individuals points,116,"['Sparky', 'Hodl', 'Foghorn', 'Cinderella', 'TruGreen', 'Phoenix', 'Dear Abby', 'Party in a bottle', 'Cutler', 'Ricochet', 'Thesaurus']"
2025-11-29,4,Dasher,Individuals points,97,"['BABYMOMMA', 'Doozie', 'Scratch and Dent', 'UPS', 'Dog House', 'Old Maid', 'Jellystone', 'Trojan', 'Rooney']"
2025-11-29,4,Donner,Individuals points,66,"['Hanger', 'Bedpan', 'Juanita', 'Corner Kick', 'Storm Chaser', 'Large Marge']"
2025-11-29,4,Prancer,Individuals points,63,"['YellowPages', 'Hank Hill', 'Spit Valve', 'Boomer', 'Depends (3rdF Q)', 'Nemo']"
2025-11-29,4,Rudolph,Individuals points,81,"['Ringo', 'Celine Dion', 'Foreclosure', 'Folgers', 'Backstreet', 'Italian Ice', 'Slapshot', 'Cowbell']"
2025-11-29,4,Vixen,Individuals points,22,"['Blue Gill', 'Dilly Dilly', '5-Putt', 'Scuba Steve', 'Stitch']"
2025-11-29,4,Dancer,challenge_flag,1,Held from previous claim by Dancer - Hodl
2025-11-29,4,Blitzen,Individuals points,26,"['Schlitz', 'Pee Wee Herman', 'Foundation']"
2025-11-29,4,Cupid,Individuals points,32,"['Soft Hands', 'Duck Hunt', 'Picasso', 'Laces Out', 'GrubX (CMW)', 'Singer']"
2025-11-29,4,Rudolph,Santa Locks,5,"ao-da-grizz-The Italian Ice Storm; Slapshot, Italian Ice, Celine Dion, Folgers, Cowbell, Backstreet, Ringo"
2025-11-29,4,Prancer,Santa Locks,5,"ao-da-grizz-The Italian Ice Storm; Spit Valve, Boomer, Hank Hill, Depends (3rdF Q), YellowPages"
2025-11-29,4,Prancer,Santa Locks,5,"ao-da-grizz-Dauber's Fellowship Ruck; YellowPages, Depends (3rdF Q), Hank Hill, Spit Valve, Boomer"
2025-11-29,4,Dasher,Santa Locks,5,"ao-da-grizz-Dauber's Fellowship Ruck; UPS, Dog House, Doozie, Scratch and Dent, Jellystone"
2025-11-29,4,Dancer,Santa Locks,5,"ao-the-colosseum-Pheonix rising comeback!; Phoenix, Hodl, Party in a bottle, Foghorn, Ricochet, Dear Abby, Sparky"
2025-11-29,4,Dancer,Santa Locks,5,"ao-da-grizz-Dauber's Fellowship Ruck; Dear Abby, Cinderella, Foghorn, Ricochet, Hodl, Thesaurus"
2025-11-29,4,Comet,Santa Locks,5,"ao-da-grizz-Dauber's Fellowship Ruck; Dauber, Fire Hose, Hot Lava, Manhole, Peterbilt"
2025-11-29,4,Comet,FNG5,5,Fire Hose
2025-11-29,4,Vixen,FNG5,5,Stitch
2025-11-29,4,Rudolph,Santa Locks,5,"ao-da-grizz-Dauber's Fellowship Ruck; Ringo, Cowbell, Folgers, Italian Ice, Slapshot"
2025-11-30,5,Blitzen,Individuals points,8,['Schlitz']
2025-11-30,5,Comet,Individuals points,32,"['Happy Camper', 'Pull-up', 'Dauber', 'Meta', 'Hot Lava', 'Peterbilt', 'Mahomes', 'Pearl', 'Choco Taco', 'Wing Stop (F3 Naperville)']"
2025-11-30,5,Cupid,Individuals points,6,"['Soft Hands', 'Bunker']"
2025-11-30,5,Dancer,Individuals points,16,"['Pop-Tart', 'Hodl', 'Foghorn', 'Dear Abby']"
2025-11-30,5,Dasher,Individuals points,25,"['Doozie', 'Scratch and Dent', 'Jellystone']"
2025-11-30,5,Donner,Individuals points,6,"['Bedpan', 'Mr. Kotter']"
2025-11-30,5,Rudolph,Individuals points,6,['Ringo']
2025-11-30,5,Vixen,Individuals points,3,['Broomstick']
2025-11-30,5,Prancer,Individuals points,25,"['Hank Hill', 'Spit Valve', 'Boomer', 'Depends (3rdF Q)', 'The Worm']"
2025-11-30,5,Dancer,challenge_flag,1,Held from previous claim by Dancer - Hodl
2025-12-01,5,Blitzen,Individuals points,19,"['Derailed', 'Schlitz', 'Morticia', 'Kidney Beans']"
2025-12-01,5,Comet,Individuals points,96,"['Happy Camper', 'Pull-up', 'Dauber', 'Meta', 'Hot Lava', 'Manhole', 'Peterbilt', 'Mahomes', 'Tighty Whities', 'Bob Villa', 'Choco Taco', 'DJ Sump Pump', 'Danica', 'Heifer', 'Six Sheets']"
2025-12-01,5,Cupid,Individuals points,22,"['Soft Hands', 'Sparkler', 'Picasso', 'Singer']"
2025-12-01,5,Dancer,Individuals points,60,"['Sparky', 'Pop-Tart', 'Hodl', 'Foghorn', 'Cinderella', 'Dear Abby', 'Party in a bottle', 'Cutler', 'Ricochet', 'Martha Stewart']"
2025-12-01,5,Dasher,Individuals points,66,"['Doozie', 'Scratch and Dent', 'Dog House', 'Zimmer', 'Norm', 'Old Maid', 'Rooney']"
2025-12-01,5,Donner,Individuals points,41,"['Hanger', 'Chum Bucket', 'Bedpan', 'Juanita', 'Corner Kick', 'Storm Chaser', 'Mr. Kotter', 'John Denver', 'Mr. Belding']"
2025-12-01,5,Prancer,Individuals points,74,"['Dilbert', 'YellowPages', 'Hank Hill', 'Spit Valve', 'Boomer', 'Depends (3rdF Q)', 'Nemo', 'Deliverance', 'PFG', 'Flo', 'The Worm', 'Tinfoil', 'Liberty Biberty']"
2025-12-01,5,Rudolph,Individuals points,56,"['Homer Simpson', 'Ricola', 'Celine Dion', 'Foreclosure', 'Napster', 'Folgers', 'Underdog', 'Rabbit', 'Grunts', 'Marinara', 'BoilerUp']"
2025-12-01,5,Vixen,Individuals points,9,"['5-Putt', 'Hackman', 'Scuba Steve']"
2025-12-01,5,Comet,Santa Locks,10,"ao-the-grove-Moving heavy shit back and forth and back and fort...; Heifer, Hot Lava, Meta, Happy Camper, Choco Taco, Danica, Tighty Whities, Manhole, Peterbilt, Six Sheets"
2025-12-01,5,Dancer,Santa Locks,5,"ao-the-ridge-Forged in 15 degree weather- Foghorns Pillar #4; Dear Abby, Martha Stewart, Hodl, Ricochet, Foghorn, Cutler"
2025-12-01,5,Donner,Santa Locks,5,"ao-the-ridge-Forged in 15 degree weather- Foghorns Pillar #4; Bedpan, Storm Chaser, Corner Kick, Mr. Belding, Chum Bucket"
2025-12-01,5,Prancer,Santa Locks,5,"ao-the-grove-Moving heavy shit back and forth and back and fort...; Liberty Biberty, YellowPages, Nemo, Spit Valve, Tinfoil"
2025-12-01,5,Prancer,Santa Locks,5,"ao-the-silo-Frozen Silo; Dilbert, The Worm, Depends (3rdF Q), Hank Hill, Deliverance"
2025-12-01,5,Rudolph,FNG5,5,Rabbit
2025-12-01,5,Rudolph,FNG1,3,Marinara
2025-12-01,5,Dancer,challenge_flag,1,Held from previous claim by Dancer - Hodl
2025-12-02,5,Comet,Individuals points,129,"['Happy Camper', 'Pull-up', 'Dauber', 'Meta', 'Hot Lava', 'Manhole', 'Peterbilt', 'Mahomes', 'Pearl', 'Bob Villa', 'Wing Stop (F3 Naperville)', 'DJ Sump Pump', 'Danica']"
2025-12-02,5,Blitzen,Individuals points,16,"['Pee Wee Herman', 'Morticia', 'Xena- Warrior Princess', 'SkidMark']"
2025-12-02,5,Rudolph,Santa Locks,5,"ao-black-rock-Ricolas Farmer Carry Beatdown; Napster, Ricola, Celine Dion, Marinara, Ringo, Backstreet, Foreclosure"
2025-12-02,5,Prancer,Santa Locks,5,"ao-black-rock-Ricolas Farmer Carry Beatdown; Hank Hill, Depends (3rdF Q), Nemo, Liberty Biberty, Circuit City, Dilbert"
2025-12-02,5,Cupid,Individuals points,35,"['Soft Hands', 'Sparkler', 'Bunker', 'Picasso', 'Singer', 'Sizzler']"
2025-12-02,5,Vixen,Individuals points,20,"['Hat Trick', 'vern', '5-Putt', 'Ginga', 'Stitch']"
2025-12-02,5,Dancer,Santa Locks,5,"ao-el-coyote-Just a ruck; Sparky, Phoenix, Hodl, Ricochet, Pop-Tart"
2025-12-02,5,Dancer,challenge_flag,1,Held from previous claim by Dancer - Hodl
2025-12-02,5,Comet,Santa Locks,5,"ao-el-coyote-Just a ruck; Mahomes, Danica, Peterbilt, Manhole, Hot Lava, Meta, Dauber, Bob Villa"
2025-12-02,5,Dancer,Santa Locks,5,"ao-black-rock-Ricolas Farmer Carry Beatdown; Cutler, Pop-Tart, Phoenix, Party in a bottle, HandsOn, Hodl"
2025-12-02,5,Dasher,Individuals points,60,"['Trifecta', 'Doozie', 'Scratch and Dent', 'Dog House', 'Jellystone', 'Rooney']"
2025-12-02,5,Dancer,Individuals points,73,"['Sparky', 'Pop-Tart', 'Hodl', 'Cinderella', 'Phoenix', 'Party in a bottle', 'Cutler', 'Ricochet', 'HandsOn']"
2025-12-02,5,Prancer,Individuals points,87,"['Dilbert', 'YellowPages', 'Hank Hill', 'Spit Valve', 'Boomer', 'Depends (3rdF Q)', 'Nemo', 'Flo', 'Liberty Biberty', 'Circuit City']"
2025-12-02,5,Rudolph,Individuals points,62,"['Homer Simpson', 'Ringo', 'Ricola', 'Celine Dion', 'Foreclosure', 'Napster', 'Folgers', 'Backstreet', 'Marinara']"
2025-12-02,5,Donner,Individuals points,52,"['Hanger', 'Chum Bucket', 'fuzzy navel', 'Bedpan', 'Juanita', 'Storm Chaser', 'Mr. Kotter']"
2025-12-03,5,Blitzen,Individuals points,15,"['Derailed', 'Pee Wee Herman', 'Foundation', 'Morticia', 'Kidney Beans']"
2025-12-03,5,Comet,Individuals points,128,"['Happy Camper', 'Pull-up', 'Dauber', 'Meta', 'Hot Lava', 'Manhole', 'Algorithm', 'Peterbilt', 'Pearl', 'Tighty Whities', 'Bob Villa', 'DJ Sump Pump', 'Hatchet (Lizard Q)', 'Danica', 'Heifer', 'Six Sheets', 'Shankapotomus']"
2025-12-03,5,Cupid,Individuals points,33,"['Soft Hands', 'Caboose', 'Sparkler', 'Bunker', 'Picasso', 'Spike Horn', 'Sizzler']"
2025-12-03,5,Dancer,Individuals points,117,"['Sparky', 'Pop-Tart', 'Hodl', 'Foghorn', 'Cinderella', 'TruGreen', 'Phoenix', 'Waffle House', 'And1', 'Party in a bottle', 'Cutler', 'Ricochet', 'Thesaurus']"
2025-12-03,5,Donner,Individuals points,61,"['Hanger', 'Chum Bucket', 'fuzzy navel', 'Bedpan', 'Corner Kick', 'Storm Chaser', 'Peashooter', 'Mr. Kotter', 'Celler Dweller', 'John Denver', 'Moist']"
2025-12-03,5,Prancer,Individuals points,107,"['Dilbert', 'Hank Hill', 'Spit Valve', 'Boomer', 'Depends (3rdF Q)', 'Nemo', 'Deliverance', 'Flo', 'Tinfoil', 'Liberty Biberty', 'Circuit City', 'Sensodyne']"
2025-12-03,5,Rudolph,Individuals points,56,"['Homer Simpson', 'Ringo', 'Ricola', 'Celine Dion', 'Foreclosure', 'Napster', 'Italian Ice', 'Slapshot', 'Underdog', 'Marinara', 'BoilerUp']"
2025-12-03,5,Vixen,Individuals points,24,"['vern', '5-Putt', 'SoccerMom', 'Hackman', 'Fish Tape', 'Scuba Steve']"
2025-12-03,5,Dasher,Individuals points,76,"['Trifecta', 'Doozie', 'Scratch and Dent', 'Dog House', 'Norm', 'Old Maid', 'Drive By', 'Jellystone', 'Rooney']"
2025-12-03,5,Dancer,Santa Locks,5,"ao-the-silo-Nemo’s Tabata Time; Phoenix, Party in a bottle, Thesaurus, Waffle House, Hodl, Cutler, Pop-Tart, Foghorn, Ricochet"
2025-12-03,5,Rudolph,FNG_VQ,7,Marinara
2025-12-03,5,Dasher,Santa Locks,5,"ao-the-colosseum-Pearl’s VQ Ruck Club; Scratch and Dent, Jellystone, Old Maid, Dog House, Doozie"
2025-12-03,5,Comet,Santa Locks,15,"ao-the-colosseum-Pearl’s VQ Ruck Club; Pearl, Shankapotomus, Meta, Dauber, Heifer, Six Sheets, Happy Camper, Bob Villa, Hatchet (Lizard Q), Danica, Tighty Whities, Peterbilt, Algorithm, Manhole, Hot Lava"
2025-12-03,5,Prancer,Santa Locks,5,"ao-ravens-nest-Ringo, Ravens, and Refrigerated PAX; Dilbert, Depends (3rdF Q), Tinfoil, Hank Hill, Boomer"
2025-12-03,5,Donner,Santa Locks,5,"ao-the-colosseum-Pearl’s VQ Ruck Club; Celler Dweller, Corner Kick, Chum Bucket, Storm Chaser, Hanger, John Denver, Bedpan, Mr. Kotter, Peashooter"
2025-12-03,5,Dancer,challenge_flag,1,Held from previous claim by Dancer - Hodl
2025-12-04,5,Blitzen,Individuals points,3,['Xena- Warrior Princess']
2025-12-04,5,Donner,Individuals points,33,"['Chum Bucket', 'Bedpan', 'Storm Chaser', 'Celler Dweller', 'Trickle', 'Mr. Belding']"
2025-12-04,5,Dasher,Individuals points,70,"['Trifecta', 'Scratch and Dent', 'UPS', 'Dog House', 'Zimmer', 'Old Maid']"
2025-12-04,5,Dancer,Individuals points,125,"['Sparky', 'Pop-Tart', 'Hodl', 'Foghorn', 'TruGreen', 'Phoenix', 'Waffle House', 'Dear Abby', 'Party in a bottle', 'Cutler', 'Ricochet', 'HandsOn']"
2025-12-04,5,Cupid,Individuals points,25,"['Caboose', 'Sparkler', 'Picasso']"
2025-12-04,5,Comet,Individuals points,165,"['Happy Camper', 'Pull-up', 'Dauber', 'Meta', 'Hot Lava', 'Manhole', 'Peterbilt', 'Tighty Whities', 'Bob Villa', 'Choco Taco', 'Danica', 'Heifer', 'Shankapotomus']"
2025-12-04,5,Rudolph,Individuals points,49,"['Ringo', 'Ricola', 'Celine Dion', 'Napster', 'Underdog', 'Grunts', 'Marinara', 'Mapquest']"
2025-12-04,5,Rudolph,FNG5,5,Grunts
2025-12-04,5,Dancer,challenge_flag,1,Dancer - Cutler
2025-12-04,5,Comet,Santa Locks,5,"ao-el-coyote-Sparky 3 Group BC; Dauber, Choco Taco, Meta, Hot Lava, Manhole"
2025-12-04,5,Comet,Santa Locks,5,"ao-the-olympiad-Peterbilt’s Finger Numbing Bootcamp; Hot Lava, Shankapotomus, Tighty Whities, Peterbilt, Manhole, Meta"
2025-12-04,5,Dancer,Santa Locks,5,"ao-the-olympiad-Peterbilt’s Finger Numbing Bootcamp; Waffle House, Hodl, Ricochet, HandsOn, Foghorn, Cutler, Party in a bottle, Phoenix"
2025-12-04,5,Prancer,Santa Locks,5,"ao-the-olympiad-Peterbilt’s Finger Numbing Bootcamp; Hank Hill, Depends (3rdF Q), Spit Valve, YellowPages, Circuit City, Liberty Biberty"
2025-12-04,5,Vixen,Santa Locks,5,"ao-the-ridge-Happy Camper – Embrace the Arctic Suck!; Quatro, vern, 5-Putt, Dilly Dilly, Ginga"
2025-12-04,5,Vixen,Individuals points,31,"['vern', 'Dilly Dilly', '5-Putt', 'Quatro', 'Broomstick', 'Ginga', 'Scuba Steve', 'Stitch']"
2025-12-04,5,Prancer,Individuals points,77,"['YellowPages', 'Hank Hill', 'Spit Valve', 'Boomer', 'Depends (3rdF Q)', 'Nemo', 'Liberty Biberty', 'Circuit City']"
2025-12-05,5,Dasher,Individuals points,32,"['Scratch and Dent', 'UPS', 'Dog House', 'Old Maid']"
2025-12-05,5,Prancer,Individuals points,47,"['Dilbert', 'YellowPages', 'Hank Hill', 'Spit Valve', 'Boomer', 'Depends (3rdF Q)', 'Nemo', 'Liberty Biberty']"
2025-12-05,5,Donner,Individuals points,33,"['Chum Bucket', 'Bedpan', 'Corner Kick', 'Storm Chaser', 'Mr. Kotter', 'Mr. Belding']"
2025-12-05,5,Dancer,Individuals points,31,"['Pop-Tart', 'Hodl', 'Dear Abby', 'Cutler', 'Ricochet', 'Thesaurus', 'HandsOn']"
2025-12-05,5,Dancer,challenge_flag,1,Held from previous claim by Dancer - Cutler
2025-12-05,5,Comet,Individuals points,44,"['Happy Camper', 'Pull-up', 'Dauber', 'Peterbilt', 'Mahomes', 'Tighty Whities', 'Bob Villa', 'Choco Taco', 'Wing Stop (F3 Naperville)', 'Danica', 'Heifer']"
2025-12-05,5,Blitzen,Individuals points,10,"['Schlitz', 'Pee Wee Herman', 'Xena- Warrior Princess']"
2025-12-05,5,Rudolph,Individuals points,13,"['Ricola', 'Celine Dion', 'Backstreet']"
2025-12-05,5,Vixen,Santa Locks,5,"ao-the-ridge-Frozen Friday; Quatro, Broomstick, Blue Gill, Dilly Dilly, 5-Putt, Hackman, Stitch"
2025-12-05,5,Cupid,Individuals points,12,"['Soft Hands', 'Sparkler', 'Singer']"
2025-12-05,5,Vixen,Individuals points,36,"['Blue Gill', 'Den Mother', 'Dilly Dilly', '5-Putt', 'Hackman', 'Quatro', 'Broomstick', 'Stitch']"