date,week,ao_id,q_user_id,user_id,ao,points,type,user_name,Team,FNGflag
2025-07-12,0,C02B4U0M71N,U03SX99V3PU,U016890PYHM,ao-the-ridge,3.0,1stf,Bedpan,Olive,0.0
2025-07-12,0,C02B4U0M71N,U03SX99V3PU,U017E4NMFQV,ao-the-ridge,3.0,1stf,Hanger,Cupid,0.0
2025-07-12,0,C02B4U0M71N,U03SX99V3PU,U017G12529J,ao-the-ridge,3.0,1stf,Carmen San Diego (F3 Naperville),Unknown Team,
2025-07-12,0,C02B4U0M71N,U03SX99V3PU,U017QPPJVJ5,ao-the-ridge,3.0,1stf,Bob Villa,Comet,0.0
2025-07-12,0,C02B4U0M71N,U03SX99V3PU,U03SX99V3PU,ao-the-ridge,3.0,1stf,Meta,Dancer,0.0
2025-07-12,0,C02B4U0M71N,U03SX99V3PU,U041T9ACB3L,ao-the-ridge,3.0,1stf,UPS,Vixen,0.0
2025-07-12,0,C02B4U0M71N,U03SX99V3PU,U047GFQH4HL,ao-the-ridge,3.0,1stf,Bronco,Dasher,0.0
2025-07-12,0,C02B4U0M71N,U03SX99V3PU,U054JFWN01Z,ao-the-ridge,3.0,1stf,Silo,Unknown Team,
2025-07-12,0,C02B4U0M71N,U03SX99V3PU,U05LL7ESE79,ao-the-ridge,3.0,1stf,Cutler,Vixen,0.0
2025-07-12,0,C02B4U0M71N,U03SX99V3PU,U06A1RN2DQF,ao-the-ridge,3.0,1stf,Hank Hill,Dasher,0.0
2025-07-12,0,C02B4U0M71N,U03SX99V3PU,U06GZE2D66R,ao-the-ridge,3.0,1stf,Sparky,Donner,0.0
2025-07-12,0,C02B4U0M71N,U03SX99V3PU,U06H3QB4KMY,ao-the-ridge,3.0,1stf,Mahomes,Blitzen,0.0
2025-07-12,0,C02B4U0M71N,U03SX99V3PU,U06K8PKQGA1,ao-the-ridge,3.0,1stf,Duck Hunt,Dasher,0.0
2025-07-12,0,C02B4U0M71N,U03SX99V3PU,U07GDNBSZ0Q,ao-the-ridge,3.0,1stf,Speedbag (F3 Southsid3),Unknown Team,
2025-07-12,0,C02B4U0M71N,U03SX99V3PU,U080FGLKUH5,ao-the-ridge,3.0,1stf,Hodl,Olive,0.0
2025-07-12,0,C02B4U0M71N,U03SX99V3PU,U087CHQLZ7B,ao-the-ridge,3.0,1stf,Scratch and Dent,Prancer,0.0
2025-07-12,0,C02B4U0M71N,U03SX99V3PU,U091A4AAZPC,ao-the-ridge,3.0,1stf,Popeye,Unknown Team,
2025-07-12,0,C0329PXMA6T,U041R4GK79V,U0194BS66MQ,ao-da-grizz,3.0,1stf,Binford,Cupid,0.0
2025-07-12,0,C0329PXMA6T,U041R4GK79V,U03EPDEKY4U,ao-da-grizz,3.0,1stf,Schlitz,Prancer,0.0
2025-07-12,0,C0329PXMA6T,U041R4GK79V,U03KV19V5JS,ao-da-grizz,3.0,1stf,Cowbell,Vixen,0.0
2025-07-12,0,C0329PXMA6T,U041R4GK79V,U03T43SBJNA,ao-da-grizz,3.0,1stf,Homer Simpson,Dancer,0.0
2025-07-12,0,C0329PXMA6T,U041R4GK79V,U041R4GK79V,ao-da-grizz,3.0,1stf,fuzzy navel,Dancer,0.0
2025-07-12,0,C0329PXMA6T,U041R4GK79V,U06GZ8ECZC5,ao-da-grizz,3.0,1stf,Boomer,Rudolph,0.0
2025-07-12,0,C0329PXMA6T,U041R4GK79V,U06J46ZTPEZ,ao-da-grizz,3.0,1stf,Folgers,Olive,0.0
2025-07-12,0,C0329PXMA6T,U041R4GK79V,U07UKT9J213,ao-da-grizz,3.0,1stf,Large Marge,Dasher,0.0
2025-07-12,0,C0329PXMA6T,U041R4GK79V,U081JKWAR33,ao-da-grizz,3.0,1stf,Sailer Moon,Prancer,0.0
2025-07-12,0,C0329PXMA6T,U041R4GK79V,U08TD9DD6M6,ao-da-grizz,3.0,1stf,Scuba Steve,Rudolph,0.0
2025-07-12,0,C0329PXMA6T,U041R4GK79V,U08U4PQV3DJ,ao-da-grizz,3.0,1stf,Phoenix,Vixen,0.0
2025-07-12,0,C0329PXMA6T,U041R4GK79V,U0950RW8JHX,ao-da-grizz,3.0,1stf,Eliot Ness,Unknown Team,
2025-07-12,0,C017KB6LEP7,U06AWCQ0E9Z,U06AWCQ0E9Z,downrange,3.0,1stf,slackblast,Blitzen,0.0
2025-07-12,0,C017KB6LEP7,U06AWCQ0E9Z,U070NTWF7G8,downrange,3.0,1stf,Foghorn,Comet,0.0
2025-07-12,0,C02AC8PS1T7,U06GZ8ECZC5,U016V6KHM36,ao-the-colosseum,3.0,1stf,Dilly Dilly,Prancer,0.0
2025-07-12,0,C02AC8PS1T7,U06GZ8ECZC5,U017DA73JQY,ao-the-colosseum,3.0,1stf,TPS Report,Donner,0.0
2025-07-12,0,C02AC8PS1T7,U06GZ8ECZC5,U017QPPJVJ5,ao-the-colosseum,3.0,1stf,Bob Villa,Comet,0.0
2025-07-12,0,C02AC8PS1T7,U06GZ8ECZC5,U01RSG6FSNA,ao-the-colosseum,3.0,1stf,Slinky,Unknown Team,
2025-07-12,0,C02AC8PS1T7,U06GZ8ECZC5,U03DP9WRXJN,ao-the-colosseum,3.0,1stf,Backstreet,Rudolph,0.0
2025-07-12,0,C02AC8PS1T7,U06GZ8ECZC5,U05LL7ESE79,ao-the-colosseum,3.0,1stf,Cutler,Vixen,0.0
2025-07-12,0,C02AC8PS1T7,U06GZ8ECZC5,U06GZ8ECZC5,ao-the-colosseum,3.0,1stf,Boomer,Rudolph,0.0
2025-07-12,0,C02AC8PS1T7,U06GZ8ECZC5,U06K8PKQGA1,ao-the-colosseum,3.0,1stf,Duck Hunt,Dasher,0.0
2025-07-12,0,C02AC8PS1T7,U06GZ8ECZC5,U071GSVM24B,ao-the-colosseum,3.0,1stf,Spit Valve,Blitzen,0.0
2025-07-12,0,C02AC8PS1T7,U06GZ8ECZC5,U0950RW8JHX,ao-the-colosseum,3.0,1stf,Eliot Ness,Unknown Team,
2025-07-13,1,C017CTS0UQG,U03EPDEKY4U,U018098KAAC,2nd-f,3.0,2ndf,Sparkler,Comet,0.0
2025-07-13,1,C017CTS0UQG,U03EPDEKY4U,U03DP9WRXJN,2nd-f,3.0,2ndf,Backstreet,Rudolph,0.0
2025-07-13,1,C017CTS0UQG,U03EPDEKY4U,U03EPDEKY4U,2nd-f,3.0,2ndf,Schlitz,Prancer,0.0
2025-07-13,1,C017CTS0UQG,U03EPDEKY4U,U057QBF3TPW,2nd-f,3.0,2ndf,Deja vu,Rudolph,0.0
2025-07-13,1,C017CTS0UQG,U03EPDEKY4U,U06A1RN2DQF,2nd-f,3.0,2ndf,Hank Hill,Dasher,0.0
2025-07-13,1,C017CTS0UQG,U03EPDEKY4U,U06K8PKQGA1,2nd-f,3.0,2ndf,Duck Hunt,Dasher,0.0
2025-07-13,1,C017CTS0UQG,U03EPDEKY4U,U071GSVM24B,2nd-f,3.0,2ndf,Spit Valve,Blitzen,0.0
2025-07-13,1,C017CTS0UQG,U03EPDEKY4U,U08U4PQV3DJ,2nd-f,3.0,2ndf,Phoenix,Vixen,0.0
2025-07-14,1,C05H4DHU3HC,U016V6KHM36,U016M1Z8NLE,2nd-f-coffeteria,0.0,none,Happy Camper,Olive,0.0
2025-07-14,1,C05H4DHU3HC,U016V6KHM36,U016V6KHM36,2nd-f-coffeteria,0.0,none,Dilly Dilly,Prancer,0.0
2025-07-14,1,C05H4DHU3HC,U016V6KHM36,U0171KQRB6D,2nd-f-coffeteria,0.0,none,vern,Dasher,0.0
2025-07-14,1,C05H4DHU3HC,U016V6KHM36,U017QPPJVJ5,2nd-f-coffeteria,0.0,none,Bob Villa,Comet,0.0
2025-07-14,1,C05H4DHU3HC,U016V6KHM36,U01E40PTNFJ,2nd-f-coffeteria,0.0,none,Bunker,Vixen,0.0
2025-07-14,1,C05H4DHU3HC,U016V6KHM36,U03765UPB8C,2nd-f-coffeteria,0.0,none,Chum Bucket,Prancer,0.0
2025-07-14,1,C05H4DHU3HC,U016V6KHM36,U03U8N4P5G8,2nd-f-coffeteria,0.0,none,Flo,Comet,0.0
2025-07-14,1,C05H4DHU3HC,U016V6KHM36,U05FZ4QEFG9,2nd-f-coffeteria,0.0,none,Tweety,Vixen,0.0
2025-07-14,1,C05H4DHU3HC,U016V6KHM36,U05LL7ESE79,2nd-f-coffeteria,0.0,none,Cutler,Vixen,0.0
2025-07-14,1,C05H4DHU3HC,U016V6KHM36,U05ULCL3806,2nd-f-coffeteria,0.0,none,Mr. Kotter,Prancer,0.0
2025-07-14,1,C05H4DHU3HC,U016V6KHM36,U061CBW96MA,2nd-f-coffeteria,0.0,none,Singer,Prancer,0.0
2025-07-14,1,C05H4DHU3HC,U016V6KHM36,U070NTWF7G8,2nd-f-coffeteria,0.0,none,Foghorn,Comet,0.0
2025-07-14,1,C05H4DHU3HC,U016V6KHM36,U071GSVM24B,2nd-f-coffeteria,0.0,none,Spit Valve,Blitzen,0.0
2025-07-14,1,C05H4DHU3HC,U016V6KHM36,U073J179LHM,2nd-f-coffeteria,0.0,none,Sizzler,Prancer,0.0
2025-07-14,1,C05H4DHU3HC,U016V6KHM36,U08RFHRKC5P,2nd-f-coffeteria,0.0,none,Alter boy,Dancer,0.0
2025-07-14,1,C017KB6LEP7,U0171K8109F,U0171K8109F,downrange,3.0,1stf,F3CrossroadsIL,Dasher,0.0
2025-07-14,1,C017KB6LEP7,U0171K8109F,U06K8PKQGA1,downrange,3.0,1stf,Duck Hunt,Dasher,0.0
2025-07-14,1,C0168ASEPD5,U017E4NMFQV,U017E4NMFQV,3rd-f,5.0,3rdf,Hanger,Cupid,0.0
2025-07-14,1,C05H4DHU3HC,U017E4NMFQV,U017E4NMFQV,2nd-f-coffeteria,0.0,none,Hanger,Cupid,0.0
2025-07-14,1,C05H4DHU3HC,U017E4NMFQV,U019Y7P6XPF,2nd-f-coffeteria,0.0,none,Foundation,Vixen,0.0
2025-07-14,1,C05H4DHU3HC,U017E4NMFQV,U01APFBACP8,2nd-f-coffeteria,0.0,none,Morticia,Donner,0.0
2025-07-14,1,C05H4DHU3HC,U017E4NMFQV,U03SX99V3PU,2nd-f-coffeteria,0.0,none,Meta,Dancer,0.0
2025-07-14,1,C05H4DHU3HC,U017E4NMFQV,U03TYSW2933,2nd-f-coffeteria,0.0,none,The Worm,Rudolph,0.0
2025-07-14,1,C0168ASEPD5,U017E4NMFQV,U040R8S1N6P,3rd-f,5.0,3rdf,Dilbert,Vixen,0.0
2025-07-14,1,C0168ASEPD5,U017E4NMFQV,U041R4GK79V,3rd-f,5.0,3rdf,fuzzy navel,Dancer,0.0
2025-07-14,1,C05H4DHU3HC,U017E4NMFQV,U05C8DP6YS0,2nd-f-coffeteria,0.0,none,Algorithm,Cupid,0.0
2025-07-14,1,C05H4DHU3HC,U017E4NMFQV,U05GFSH6BC2,2nd-f-coffeteria,0.0,none,Ink Jet,Dasher,0.0
2025-07-14,1,C05H4DHU3HC,U017E4NMFQV,U05TUKL5N87,2nd-f-coffeteria,0.0,none,Zimmer,Rudolph,0.0
2025-07-14,1,C0168ASEPD5,U017E4NMFQV,U06A1RN2DQF,3rd-f,5.0,3rdf,Hank Hill,Dasher,0.0
2025-07-14,1,C05H4DHU3HC,U017E4NMFQV,U06H3QB4KMY,2nd-f-coffeteria,0.0,none,Mahomes,Blitzen,0.0
2025-07-14,1,C05H4DHU3HC,U017E4NMFQV,U080FGLKUH5,2nd-f-coffeteria,0.0,none,Hodl,Olive,0.0
2025-07-14,1,C02B4U0M71N,U019Y7P6XPF,U017E4NMFQV,ao-the-ridge,3.0,1stf,Hanger,Cupid,0.0
2025-07-14,1,C02B4U0M71N,U019Y7P6XPF,U0186PNUG3T,ao-the-ridge,3.0,1stf,Hackman,Donner,0.0
2025-07-14,1,C02B4U0M71N,U019Y7P6XPF,U019Y7P6XPF,ao-the-ridge,3.0,1stf,Foundation,Vixen,0.0
2025-07-14,1,C02B4U0M71N,U019Y7P6XPF,U01APFBACP8,ao-the-ridge,3.0,1stf,Morticia,Donner,0.0
2025-07-14,1,C02B4U0M71N,U019Y7P6XPF,U03SX99V3PU,ao-the-ridge,3.0,1stf,Meta,Dancer,0.0
2025-07-14,1,C02B4U0M71N,U019Y7P6XPF,U03TYSW2933,ao-the-ridge,3.0,1stf,The Worm,Rudolph,0.0
2025-07-14,1,C02B4U0M71N,U019Y7P6XPF,U040Y3RQPNJ,ao-the-ridge,3.0,1stf,Six Sheets,Rudolph,0.0
2025-07-14,1,C02B4U0M71N,U019Y7P6XPF,U05C8DP6YS0,ao-the-ridge,3.0,1stf,Algorithm,Cupid,0.0
2025-07-14,1,C02B4U0M71N,U019Y7P6XPF,U05GFSH6BC2,ao-the-ridge,3.0,1stf,Ink Jet,Dasher,0.0
2025-07-14,1,C02B4U0M71N,U019Y7P6XPF,U05TUKL5N87,ao-the-ridge,3.0,1stf,Zimmer,Rudolph,0.0
2025-07-14,1,C02B4U0M71N,U019Y7P6XPF,U06H3QB4KMY,ao-the-ridge,3.0,1stf,Mahomes,Blitzen,0.0
2025-07-14,1,C02B4U0M71N,U019Y7P6XPF,U074T16JBDX,ao-the-ridge,3.0,1stf,Deliverance,Olive,0.0
2025-07-14,1,C02B4U0M71N,U019Y7P6XPF,U080FGLKUH5,ao-the-ridge,3.0,1stf,Hodl,Olive,0.0
2025-07-14,1,C02B4U0M71N,U019Y7P6XPF,U08QBC4F5C3,ao-the-ridge,3.0,1stf,Fish Tape,Olive,0.0
2025-07-14,1,C02B4U0M71N,U019Y7P6XPF,U08TD9DD6M6,ao-the-ridge,3.0,1stf,Scuba Steve,Rudolph,0.0
2025-07-14,1,C04PLDCTSJV,U02H51CJS30,U02H51CJS30,ao-the-grove,3.0,1stf,Pull-up,Donner,0.0
2025-07-14,1,C04PLDCTSJV,U02H51CJS30,U02NBKHN3NK,ao-the-grove,3.0,1stf,Dungeon Master,Dancer,0.0
2025-07-14,1,C04PLDCTSJV,U02H51CJS30,U02NST5BMKJ,ao-the-grove,3.0,1stf,Dear Abby,Dancer,0.0
2025-07-14,1,C04PLDCTSJV,U02H51CJS30,U040R8S1N6P,ao-the-grove,3.0,1stf,Dilbert,Vixen,0.0
2025-07-14,1,C04PLDCTSJV,U02H51CJS30,U04H3PWJN5A,ao-the-grove,3.0,1stf,Juanita,Dasher,0.0
2025-07-14,1,C04PLDCTSJV,U02H51CJS30,U053LEBRMM4,ao-the-grove,3.0,1stf,Derailed,Dasher,0.0
2025-07-14,1,C04PLDCTSJV,U02H51CJS30,U06A1RN2DQF,ao-the-grove,3.0,1stf,Hank Hill,Dasher,0.0
2025-07-14,1,C02AC8PS1T7,U03765UPB8C,U016M1Z8NLE,ao-the-colosseum,3.0,1stf,Happy Camper,Olive,0.0
2025-07-14,1,C02AC8PS1T7,U03765UPB8C,U016V6KHM36,ao-the-colosseum,3.0,1stf,Dilly Dilly,Prancer,0.0
2025-07-14,1,C02AC8PS1T7,U03765UPB8C,U016ZUU67BN,ao-the-colosseum,3.0,1stf,5-Putt,Dancer,0.0
2025-07-14,1,C02AC8PS1T7,U03765UPB8C,U0171KQRB6D,ao-the-colosseum,3.0,1stf,vern,Dasher,0.0
2025-07-14,1,C02AC8PS1T7,U03765UPB8C,U017BMVBTGA,ao-the-colosseum,3.0,1stf,Bone Spur,Unknown Team,
2025-07-14,1,C02AC8PS1T7,U03765UPB8C,U017BQTUL3D,ao-the-colosseum,3.0,1stf,John Denver,Blitzen,0.0
2025-07-14,1,C02AC8PS1T7,U03765UPB8C,U017HR8U5RS,ao-the-colosseum,3.0,1stf,SkidMark,Vixen,0.0
2025-07-14,1,C02AC8PS1T7,U03765UPB8C,U017QPPJVJ5,ao-the-colosseum,3.0,1stf,Bob Villa,Comet,0.0
2025-07-14,1,C02AC8PS1T7,U03765UPB8C,U01E40PTNFJ,ao-the-colosseum,3.0,1stf,Bunker,Vixen,0.0
2025-07-14,1,C02AC8PS1T7,U03765UPB8C,U03765UPB8C,ao-the-colosseum,3.0,1stf,Chum Bucket,Prancer,0.0
2025-07-14,1,C02AC8PS1T7,U03765UPB8C,U03U8N4P5G8,ao-the-colosseum,3.0,1stf,Flo,Comet,0.0
2025-07-14,1,C02AC8PS1T7,U03765UPB8C,U048GCZ7GBY,ao-the-colosseum,3.0,1stf,Broomstick,Rudolph,0.0
2025-07-14,1,C02AC8PS1T7,U03765UPB8C,U04H6HMNPH9,ao-the-colosseum,3.0,1stf,Cinderella,Donner,0.0
2025-07-14,1,C02AC8PS1T7,U03765UPB8C,U05FZ4QEFG9,ao-the-colosseum,3.0,1stf,Tweety,Vixen,0.0
2025-07-14,1,C02AC8PS1T7,U03765UPB8C,U05LL7ESE79,ao-the-colosseum,3.0,1stf,Cutler,Vixen,0.0
2025-07-14,1,C02AC8PS1T7,U03765UPB8C,U05ULCL3806,ao-the-colosseum,3.0,1stf,Mr. Kotter,Prancer,0.0
2025-07-14,1,C02AC8PS1T7,U03765UPB8C,U061CBW96MA,ao-the-colosseum,3.0,1stf,Singer,Prancer,0.0
2025-07-14,1,C02AC8PS1T7,U03765UPB8C,U070NTWF7G8,ao-the-colosseum,3.0,1stf,Foghorn,Comet,0.0
2025-07-14,1,C02AC8PS1T7,U03765UPB8C,U071GSVM24B,ao-the-colosseum,3.0,1stf,Spit Valve,Blitzen,0.0
2025-07-14,1,C02AC8PS1T7,U03765UPB8C,U073J179LHM,ao-the-colosseum,3.0,1stf,Sizzler,Prancer,0.0
2025-07-14,1,C02AC8PS1T7,U03765UPB8C,U07LY4K586M,ao-the-colosseum,3.0,1stf,Moist,Rudolph,0.0
2025-07-14,1,C02AC8PS1T7,U03765UPB8C,U08RFHRKC5P,ao-the-colosseum,3.0,1stf,Alter boy,Dancer,0.0
2025-07-14,1,C017KB6LEP7,U04C9LC424U,U03765UPB8C,downrange,3.0,1stf,Chum Bucket,Prancer,0.0
2025-07-14,1,C017KB6LEP7,U04C9LC424U,U03DP9WRXJN,downrange,3.0,1stf,Backstreet,Rudolph,0.0
2025-07-14,1,C017KB6LEP7,U04C9LC424U,U04C9LC424U,downrange,3.0,1stf,Norm,Olive,0.0
2025-07-14,1,C017KB6LEP7,U04C9LC424U,U04RQB0TXFS,downrange,3.0,1stf,Hot Lava,Cupid,0.0
2025-07-14,1,C017KB6LEP7,U04C9LC424U,U04U8EGCQS1,downrange,3.0,1stf,Manhole,Olive,0.0
2025-07-14,1,C017KB6LEP7,U04C9LC424U,U06A1RN2DQF,downrange,3.0,1stf,Hank Hill,Dasher,0.0
2025-07-14,1,C017KB6LEP7,U04C9LC424U,U08U4PQV3DJ,downrange,3.0,1stf,Phoenix,Vixen,0.0
2025-07-14,1,C04P7LRFBTM,U04Q01BPTPE,U02F2UV0MCL,ao-the-silo,3.0,1stf,Blue Gill,Cupid,0.0
2025-07-14,1,C04P7LRFBTM,U04Q01BPTPE,U04Q01BPTPE,ao-the-silo,3.0,1stf,Olive Oyl,Comet,0.0
2025-07-14,1,C04P7LRFBTM,U04Q01BPTPE,U04RBT6T8RJ,ao-the-silo,3.0,1stf,Old Maid,Rudolph,0.0
2025-07-14,1,C04P7LRFBTM,U04Q01BPTPE,U05GG5NR7KM,ao-the-silo,3.0,1stf,Pee Wee Herman,Dasher,0.0
2025-07-14,1,C04P7LRFBTM,U04Q01BPTPE,U05QD3D6ZK7,ao-the-silo,3.0,1stf,Caboose,Blitzen,0.0
2025-07-14,1,C04P7LRFBTM,U04Q01BPTPE,U07RD0ACG80,ao-the-silo,3.0,1stf,Nemo,Rudolph,0.0
2025-07-14,1,C04P7LRFBTM,U04Q01BPTPE,U087CHQLZ7B,ao-the-silo,3.0,1stf,Scratch and Dent,Prancer,0.0
2025-07-14,1,C04P7LRFBTM,U04Q01BPTPE,U08U4PQV3DJ,ao-the-silo,3.0,1stf,Phoenix,Vixen,0.0
2025-07-14,1,C017KB6LEP7,USLACKBOT,U03T43SBJNA,downrange,3.0,1stf,Homer Simpson,Dancer,0.0
2025-07-14,1,C017KB6LEP7,USLACKBOT,USLACKBOT,downrange,3.0,1stf,Slackbot,Comet,0.0
2025-07-15,1,C017KB6LEP7,U0171K8109F,U048GCZ7GBY,downrange,3.0,1stf,Broomstick,Rudolph,0.0
2025-07-15,1,C017KB6LEP7,U031LSD0SP7,U02KN9HUSE6,downrange,3.0,1stf,Soft Hands,Dasher,0.0
2025-07-15,1,C017KB6LEP7,U031LSD0SP7,U031LSD0SP7,downrange,3.0,1stf,Plunger,Unknown Team,
2025-07-15,1,C017KB6LEP7,U031LSD0SP7,U040Y3RQPNJ,downrange,3.0,1stf,Six Sheets,Rudolph,0.0
2025-07-15,1,C08TMRRJYV7,U051330RY2J,U03TX17L7AQ,ao-black-rock,3.0,1stf,Foreclosure,Blitzen,0.0
2025-07-15,1,C08TMRRJYV7,U051330RY2J,U04U8EGCQS1,ao-black-rock,3.0,1stf,Manhole,Olive,0.0
2025-07-15,1,C08TMRRJYV7,U051330RY2J,U051330RY2J,ao-black-rock,3.0,1stf,Depends (3rdF Q),Cupid,0.0
2025-07-15,1,C08TMRRJYV7,U051330RY2J,U08U4PQV3DJ,ao-black-rock,3.0,1stf,Phoenix,Vixen,0.0
2025-07-15,1,C02DNLUQN9Y,U05ULCL3806,U03765UPB8C,ao-black-diamond,4.0,1stf,Chum Bucket,Prancer,0.0
2025-07-15,1,C02DNLUQN9Y,U05ULCL3806,U05ULCL3806,ao-black-diamond,4.0,1stf,Mr. Kotter,Prancer,0.0
2025-07-15,1,C02DNLUQN9Y,U05ULCL3806,U06A1RN2DQF,ao-black-diamond,4.0,1stf,Hank Hill,Dasher,0.0
2025-07-15,1,C02DNLUQN9Y,U05ULCL3806,U06K8PKQGA1,ao-black-diamond,4.0,1stf,Duck Hunt,Dasher,0.0
2025-07-15,1,C02DNLUQN9Y,U05ULCL3806,U073J179LHM,ao-black-diamond,4.0,1stf,Sizzler,Prancer,0.0
2025-07-15,1,C06SUFPUNTZ,U06A1RN2DQF,U03DP9WRXJN,ao-el-coyote,3.0,1stf,Backstreet,Rudolph,0.0
2025-07-15,1,C06SUFPUNTZ,U06A1RN2DQF,U03SX99V3PU,ao-el-coyote,3.0,1stf,Meta,Dancer,0.0
2025-07-15,1,C06SUFPUNTZ,U06A1RN2DQF,U04U8EGCQS1,ao-el-coyote,3.0,1stf,Manhole,Olive,0.0
2025-07-15,1,C06SUFPUNTZ,U06A1RN2DQF,U051330RY2J,ao-el-coyote,3.0,1stf,Depends (3rdF Q),Cupid,0.0
2025-07-15,1,C06SUFPUNTZ,U06A1RN2DQF,U06A1RN2DQF,ao-el-coyote,3.0,1stf,Hank Hill,Dasher,0.0
2025-07-15,1,C06SUFPUNTZ,U06A1RN2DQF,U06GZ8ECZC5,ao-el-coyote,3.0,1stf,Boomer,Rudolph,0.0
2025-07-15,1,C06SUFPUNTZ,U06A1RN2DQF,U06GZE2D66R,ao-el-coyote,3.0,1stf,Sparky,Donner,0.0
2025-07-15,1,C06SUFPUNTZ,U06A1RN2DQF,U06H3QB4KMY,ao-el-coyote,3.0,1stf,Mahomes,Blitzen,0.0
2025-07-15,1,C06SUFPUNTZ,U06A1RN2DQF,U095K6T98P9,ao-el-coyote,3.0,1stf,Intern,Unknown Team,
2025-07-15,1,C06SUFPUNTZ,U06A1RN2DQF,U09699HEA4E,ao-el-coyote,3.0,1stf,FLYER,Unknown Team,
2025-07-15,1,C059PJF5NTU,U06LHSCT28K,U017G126ESY,ao-dmz,3.0,1stf,Elway F3 Naperville,Prancer,0.0
2025-07-15,1,C059PJF5NTU,U06LHSCT28K,U017HR8TZPW,ao-dmz,3.0,1stf,Urkel,Unknown Team,
2025-07-15,1,C059PJF5NTU,U06LHSCT28K,U017LMBBP1S,ao-dmz,3.0,1stf,Fargo (Naperville),Unknown Team,
2025-07-15,1,C059PJF5NTU,U06LHSCT28K,U033NGNJRAS,ao-dmz,3.0,1stf,Shirley Temple,Unknown Team,
2025-07-15,1,C059PJF5NTU,U06LHSCT28K,U040R8S1N6P,ao-dmz,3.0,1stf,Dilbert,Vixen,0.0
2025-07-15,1,C059PJF5NTU,U06LHSCT28K,U047GFQH4HL,ao-dmz,3.0,1stf,Bronco,Dasher,0.0
2025-07-15,1,C059PJF5NTU,U06LHSCT28K,U06LHSCT28K,ao-dmz,3.0,1stf,2 Hand Touch (F3 Naperville Nantâ€™an),Unknown Team,
2025-07-15,1,C059PJF5NTU,U06LHSCT28K,U06M707AQBA,ao-dmz,3.0,1stf,Bulldog (F3 Naperville),Unknown Team,
2025-07-15,1,C059PJF5NTU,U06LHSCT28K,U074T16JBDX,ao-dmz,3.0,1stf,Deliverance,Olive,0.0
2025-07-15,1,C02AC8PS1T7,U070Z12249H,U0194BS66MQ,ao-the-colosseum,3.0,1stf,Binford,Cupid,0.0
2025-07-15,1,C02AC8PS1T7,U070Z12249H,U019MT194E7,ao-the-colosseum,3.0,1stf,Jellystone,Dancer,0.0
2025-07-15,1,C02AC8PS1T7,U070Z12249H,U01E40PTNFJ,ao-the-colosseum,3.0,1stf,Bunker,Vixen,0.0
2025-07-15,1,C02AC8PS1T7,U070Z12249H,U03FQ2U8UJK,ao-the-colosseum,3.0,1stf,Mapquest,Dancer,0.0
2025-07-15,1,C02AC8PS1T7,U070Z12249H,U056VUVJ63D,ao-the-colosseum,3.0,1stf,Napster,Blitzen,0.0
2025-07-15,1,C02AC8PS1T7,U070Z12249H,U05QD3D6ZK7,ao-the-colosseum,3.0,1stf,Caboose,Blitzen,0.0
2025-07-15,1,C02AC8PS1T7,U070Z12249H,U061CBW96MA,ao-the-colosseum,3.0,1stf,Singer,Prancer,0.0
2025-07-15,1,C02AC8PS1T7,U070Z12249H,U070Z12249H,ao-the-colosseum,3.0,1stf,Xena- Warrior Princess,Olive,0.0
2025-07-15,1,C02AC8PS1T7,U070Z12249H,U07698FG143,ao-the-colosseum,3.0,1stf,Ricochet,Donner,0.0
2025-07-15,1,C02AC8PS1T7,U070Z12249H,U07RD0ACG80,ao-the-colosseum,3.0,1stf,Nemo,Rudolph,0.0
2025-07-15,1,C02AC8PS1T7,U070Z12249H,U092LRKGN2E,ao-the-colosseum,3.0,1stf,Pearl,Unknown Team,
2025-07-15,1,C02AC8PS1T7,U070Z12249H,U0950RW8JHX,ao-the-colosseum,3.0,1stf,Eliot Ness,Unknown Team,
2025-07-15,1,C03KZ95AS75,U071GSVM24B,U04U8EGCQS1,3rd-f-qsource,4.0,qs,Manhole,Olive,0.0
2025-07-15,1,C03KZ95AS75,U071GSVM24B,U051330RY2J,3rd-f-qsource,4.0,qs,Depends (3rdF Q),Cupid,0.0
2025-07-15,1,C03KZ95AS75,U071GSVM24B,U05LL7ESE79,3rd-f-qsource,4.0,qs,Cutler,Vixen,0.0
2025-07-15,1,C03KZ95AS75,U071GSVM24B,U06A1RN2DQF,3rd-f-qsource,4.0,qs,Hank Hill,Dasher,0.0
2025-07-15,1,C03KZ95AS75,U071GSVM24B,U06GZ8ECZC5,3rd-f-qsource,4.0,qs,Boomer,Rudolph,0.0
2025-07-15,1,C03KZ95AS75,U071GSVM24B,U06GZE2D66R,3rd-f-qsource,4.0,qs,Sparky,Donner,0.0
2025-07-15,1,C03KZ95AS75,U071GSVM24B,U071GSVM24B,3rd-f-qsource,4.0,qs,Spit Valve,Blitzen,0.0
2025-07-15,1,C03KZ95AS75,U071GSVM24B,U095K6T98P9,3rd-f-qsource,4.0,qs,Intern,Unknown Team,
2025-07-15,1,C02B4U0M71N,U07CY9BC4UV,U016M1Z8NLE,ao-the-ridge,3.0,1stf,Happy Camper,Olive,0.0
2025-07-15,1,C02B4U0M71N,U07CY9BC4UV,U016MKQUP29,ao-the-ridge,3.0,1stf,Woody,Dancer,0.0
2025-07-15,1,C02B4U0M71N,U07CY9BC4UV,U016TRPRHKL,ao-the-ridge,3.0,1stf,Den Mother,Dasher,0.0
2025-07-15,1,C02B4U0M71N,U07CY9BC4UV,U016V6KHM36,ao-the-ridge,3.0,1stf,Dilly Dilly,Prancer,0.0
2025-07-15,1,C02B4U0M71N,U07CY9BC4UV,U016W30QL1G,ao-the-ridge,3.0,1stf,Joe Dirt,Unknown Team,
2025-07-15,1,C02B4U0M71N,U07CY9BC4UV,U016ZUU67BN,ao-the-ridge,3.0,1stf,5-Putt,Dancer,0.0
2025-07-15,1,C02B4U0M71N,U07CY9BC4UV,U0171KQRB6D,ao-the-ridge,3.0,1stf,vern,Dasher,0.0
2025-07-15,1,C02B4U0M71N,U07CY9BC4UV,U017E4NMFQV,ao-the-ridge,3.0,1stf,Hanger,Cupid,0.0
2025-07-15,1,C02B4U0M71N,U07CY9BC4UV,U017HR8U5RS,ao-the-ridge,3.0,1stf,SkidMark,Vixen,0.0
2025-07-15,1,C02B4U0M71N,U07CY9BC4UV,U017QPPJVJ5,ao-the-ridge,3.0,1stf,Bob Villa,Comet,0.0
2025-07-15,1,C02B4U0M71N,U07CY9BC4UV,U0186PNUG3T,ao-the-ridge,3.0,1stf,Hackman,Donner,0.0
2025-07-15,1,C02B4U0M71N,U07CY9BC4UV,U01APFBACP8,ao-the-ridge,3.0,1stf,Morticia,Donner,0.0
2025-07-15,1,C02B4U0M71N,U07CY9BC4UV,U02A96W697X,ao-the-ridge,3.0,1stf,Dauber,Donner,0.0
2025-07-15,1,C02B4U0M71N,U07CY9BC4UV,U02H51CJS30,ao-the-ridge,3.0,1stf,Pull-up,Donner,0.0
2025-07-15,1,C02B4U0M71N,U07CY9BC4UV,U03SX99V3PU,ao-the-ridge,3.0,1stf,Meta,Dancer,0.0
2025-07-15,1,C02B4U0M71N,U07CY9BC4UV,U03U8N4P5G8,ao-the-ridge,3.0,1stf,Flo,Comet,0.0
2025-07-15,1,C02B4U0M71N,U07CY9BC4UV,U04H3PWJN5A,ao-the-ridge,3.0,1stf,Juanita,Dasher,0.0
2025-07-15,1,C02B4U0M71N,U07CY9BC4UV,U05GFSH6BC2,ao-the-ridge,3.0,1stf,Ink Jet,Dasher,0.0
2025-07-15,1,C02B4U0M71N,U07CY9BC4UV,U05LL7ESE79,ao-the-ridge,3.0,1stf,Cutler,Vixen,0.0
2025-07-15,1,C02B4U0M71N,U07CY9BC4UV,U05TUKL5N87,ao-the-ridge,3.0,1stf,Zimmer,Rudolph,0.0
2025-07-15,1,C02B4U0M71N,U07CY9BC4UV,U073D5MRD4Z,ao-the-ridge,3.0,1stf,Hat Trick,Vixen,0.0
2025-07-15,1,C02B4U0M71N,U07CY9BC4UV,U07CY9BC4UV,ao-the-ridge,3.0,1stf,Hydrant,Comet,0.0
2025-07-15,1,C02B4U0M71N,U07CY9BC4UV,U087CHQLZ7B,ao-the-ridge,3.0,1stf,Scratch and Dent,Prancer,0.0
2025-07-15,1,C02B4U0M71N,U07CY9BC4UV,U08QBC4F5C3,ao-the-ridge,3.0,1stf,Fish Tape,Olive,0.0
2025-07-15,1,C017KB6LEP7,U0171K8109F,U0171K8109F,downrange,3.0,1stf,F3CrossroadsIL,Dasher,0.0
2025-07-16,1,C02B4U0M71N,U016ZUU67BN,U016TRPRHKL,ao-the-ridge,3.0,1stf,Den Mother,Dasher,0.0
2025-07-16,1,C02B4U0M71N,U016ZUU67BN,U016V6KHM36,ao-the-ridge,3.0,1stf,Dilly Dilly,Prancer,0.0
2025-07-16,1,C02B4U0M71N,U016ZUU67BN,U016ZUU67BN,ao-the-ridge,3.0,1stf,5-Putt,Dancer,0.0
2025-07-16,1,C02B4U0M71N,U016ZUU67BN,U017HR8U5RS,ao-the-ridge,3.0,1stf,SkidMark,Vixen,0.0
2025-07-16,1,C02B4U0M71N,U016ZUU67BN,U018377K57S,ao-the-ridge,3.0,1stf,Spirit,Cupid,0.0
2025-07-16,1,C02B4U0M71N,U016ZUU67BN,U0186PNUG3T,ao-the-ridge,3.0,1stf,Hackman,Donner,0.0
2025-07-16,1,C02B4U0M71N,U016ZUU67BN,U02A96W697X,ao-the-ridge,3.0,1stf,Dauber,Donner,0.0
2025-07-16,1,C02B4U0M71N,U016ZUU67BN,U040Y3RQPNJ,ao-the-ridge,3.0,1stf,Six Sheets,Rudolph,0.0
2025-07-16,1,C02B4U0M71N,U016ZUU67BN,U04H6HMNPH9,ao-the-ridge,3.0,1stf,Cinderella,Donner,0.0
2025-07-16,1,C02B4U0M71N,U016ZUU67BN,U05TUKL5N87,ao-the-ridge,3.0,1stf,Zimmer,Rudolph,0.0
2025-07-16,1,C02B4U0M71N,U016ZUU67BN,U05ULCL3806,ao-the-ridge,3.0,1stf,Mr. Kotter,Prancer,0.0
2025-07-16,1,C02B4U0M71N,U016ZUU67BN,U07LY4K586M,ao-the-ridge,3.0,1stf,Moist,Rudolph,0.0
2025-07-16,1,C017KB6LEP7,U0171K8109F,U0171K8109F,downrange,3.0,1stf,F3CrossroadsIL,Dasher,0.0
2025-07-16,1,C017KB6LEP7,U0171K8109F,U040R8S1N6P,downrange,3.0,1stf,Dilbert,Vixen,0.0
2025-07-16,1,C017KB6LEP7,U017QPPJVJ5,U017QPPJVJ5,downrange,3.0,1stf,Bob Villa,Comet,0.0
2025-07-16,1,C06FH4FCF5Y,U03TX17L7AQ,U03765UPB8C,ao-ravens-nest,3.0,1stf,Chum Bucket,Prancer,0.0
2025-07-16,1,C06FH4FCF5Y,U03TX17L7AQ,U03KV19V5JS,ao-ravens-nest,3.0,1stf,Cowbell,Vixen,0.0
2025-07-16,1,C06FH4FCF5Y,U03TX17L7AQ,U03SX99V3PU,ao-ravens-nest,3.0,1stf,Meta,Dancer,0.0
2025-07-16,1,C06FH4FCF5Y,U03TX17L7AQ,U03TX17L7AQ,ao-ravens-nest,3.0,1stf,Foreclosure,Blitzen,0.0
2025-07-16,1,C06FH4FCF5Y,U03TX17L7AQ,U041T99TNTC,ao-ravens-nest,3.0,1stf,YellowPages,Dancer,0.0
2025-07-16,1,C06FH4FCF5Y,U03TX17L7AQ,U05LL7ESE79,ao-ravens-nest,3.0,1stf,Cutler,Vixen,0.0
2025-07-16,1,C06FH4FCF5Y,U03TX17L7AQ,U06GZ8ECZC5,ao-ravens-nest,3.0,1stf,Boomer,Rudolph,0.0
2025-07-16,1,C06FH4FCF5Y,U03TX17L7AQ,U06J6PKRU0P,ao-ravens-nest,3.0,1stf,Sweet Honey (F3 Naperville),Unknown Team,
2025-07-16,1,C06FH4FCF5Y,U03TX17L7AQ,U077RQMTNG3,ao-ravens-nest,3.0,1stf,Celine Dion,Comet,0.0
2025-07-16,1,C06FH4FCF5Y,U03TX17L7AQ,U091UQXBKJP,ao-ravens-nest,3.0,1stf,Sapsucker (F3 Naperville),Unknown Team,
2025-07-16,1,C02AC8PS1T7,U05QD3D6ZK7,U019MT194E7,ao-the-colosseum,3.0,1stf,Jellystone,Dancer,0.0
2025-07-16,1,C02AC8PS1T7,U05QD3D6ZK7,U02KN9HUSE6,ao-the-colosseum,3.0,1stf,Soft Hands,Dasher,0.0
2025-07-16,1,C02AC8PS1T7,U05QD3D6ZK7,U05C8DP6YS0,ao-the-colosseum,3.0,1stf,Algorithm,Cupid,0.0
2025-07-16,1,C02AC8PS1T7,U05QD3D6ZK7,U05GG5NR7KM,ao-the-colosseum,3.0,1stf,Pee Wee Herman,Dasher,0.0
2025-07-16,1,C02AC8PS1T7,U05QD3D6ZK7,U05QD3D6ZK7,ao-the-colosseum,3.0,1stf,Caboose,Blitzen,0.0
2025-07-16,1,C02AC8PS1T7,U05QD3D6ZK7,U05UDL3EVGR,ao-the-colosseum,3.0,1stf,Peashooter,Comet,0.0
2025-07-16,1,C02AC8PS1T7,U05QD3D6ZK7,U06A1RN2DQF,ao-the-colosseum,3.0,1stf,Hank Hill,Dasher,0.0
2025-07-16,1,C02AC8PS1T7,U05QD3D6ZK7,U08TBP91GBZ,ao-the-colosseum,3.0,1stf,Go Daddy,Prancer,0.0
2025-07-16,1,C02AC8PS1T7,U05QD3D6ZK7,U08U4PQV3DJ,ao-the-colosseum,3.0,1stf,Phoenix,Vixen,0.0
2025-07-16,1,C02AC8PS1T7,U05QD3D6ZK7,U095K6T98P9,ao-the-colosseum,3.0,1stf,Intern,Unknown Team,
2025-07-16,1,C02AC8PS1T7,U05QD3D6ZK7,U095MNVG2R5,ao-the-colosseum,3.0,1stf,Kidney Beans,Unknown Team,
2025-07-16,1,C05H4DHU3HC,U06A1RN2DQF,U019MT194E7,2nd-f-coffeteria,0.0,none,Jellystone,Dancer,0.0
2025-07-16,1,C05H4DHU3HC,U06A1RN2DQF,U05C8DP6YS0,2nd-f-coffeteria,0.0,none,Algorithm,Cupid,0.0
2025-07-16,1,C05H4DHU3HC,U06A1RN2DQF,U05GG5NR7KM,2nd-f-coffeteria,0.0,none,Pee Wee Herman,Dasher,0.0
2025-07-16,1,C05H4DHU3HC,U06A1RN2DQF,U05QD3D6ZK7,2nd-f-coffeteria,0.0,none,Caboose,Blitzen,0.0
2025-07-16,1,C05H4DHU3HC,U06A1RN2DQF,U05UDL3EVGR,2nd-f-coffeteria,0.0,none,Peashooter,Comet,0.0
2025-07-16,1,C05H4DHU3HC,U06A1RN2DQF,U06A1RN2DQF,2nd-f-coffeteria,0.0,none,Hank Hill,Dasher,0.0
2025-07-16,1,C05H4DHU3HC,U06A1RN2DQF,U08TBP91GBZ,2nd-f-coffeteria,0.0,none,Go Daddy,Prancer,0.0
2025-07-16,1,C05H4DHU3HC,U06A1RN2DQF,U08U4PQV3DJ,2nd-f-coffeteria,0.0,none,Phoenix,Vixen,0.0
2025-07-16,1,C05H4DHU3HC,U06A1RN2DQF,U095K6T98P9,2nd-f-coffeteria,0.0,none,Intern,Unknown Team,
2025-07-16,1,C05H4DHU3HC,U06A1RN2DQF,U095MNVG2R5,2nd-f-coffeteria,0.0,none,Kidney Beans,Unknown Team,
2025-07-16,1,C017KB6LEP7,U06AWCQ0E9Z,U016890PYHM,downrange,3.0,1stf,Bedpan,Olive,0.0
2025-07-16,1,C017KB6LEP7,U06AWCQ0E9Z,U06AWCQ0E9Z,downrange,3.0,1stf,slackblast,Blitzen,0.0
2025-07-16,1,C04P7LRFBTM,U080FGLKUH5,U04RBT6T8RJ,ao-the-silo,3.0,1stf,Old Maid,Rudolph,0.0
2025-07-16,1,C04P7LRFBTM,U080FGLKUH5,U056VUVJ63D,ao-the-silo,3.0,1stf,Napster,Blitzen,0.0
2025-07-16,1,C04P7LRFBTM,U080FGLKUH5,U05FDSP0YD7,ao-the-silo,3.0,1stf,Peterbilt,Cupid,0.0
2025-07-16,1,C04P7LRFBTM,U080FGLKUH5,U070NTWF7G8,ao-the-silo,3.0,1stf,Foghorn,Comet,0.0
2025-07-16,1,C04P7LRFBTM,U080FGLKUH5,U080FGLKUH5,ao-the-silo,3.0,1stf,Hodl,Olive,0.0
2025-07-16,1,C04P7LRFBTM,U080FGLKUH5,U087CHQLZ7B,ao-the-silo,3.0,1stf,Scratch and Dent,Prancer,0.0
2025-07-16,1,C04P7LRFBTM,U080FGLKUH5,U08RER38J8M,ao-the-silo,3.0,1stf,BeSt in ShOw,Rudolph,0.0
2025-07-16,1,C04P7LRFBTM,U080FGLKUH5,U08RFHRKC5P,ao-the-silo,3.0,1stf,Alter boy,Dancer,0.0
2025-07-17,1,C05H4DHU3HC,U017E4NMFQV,U017E4NMFQV,2nd-f-coffeteria,0.0,none,Hanger,Cupid,0.0
2025-07-17,1,C05H4DHU3HC,U017E4NMFQV,U0186PNUG3T,2nd-f-coffeteria,0.0,none,Hackman,Donner,0.0
2025-07-17,1,C05H4DHU3HC,U017E4NMFQV,U03TYSW2933,2nd-f-coffeteria,0.0,none,The Worm,Rudolph,0.0
2025-07-17,1,C05H4DHU3HC,U017E4NMFQV,U05GFSH6BC2,2nd-f-coffeteria,0.0,none,Ink Jet,Dasher,0.0
2025-07-17,1,C05H4DHU3HC,U017E4NMFQV,U07CY9BC4UV,2nd-f-coffeteria,0.0,none,Hydrant,Comet,0.0
2025-07-17,1,C05H4DHU3HC,U017E4NMFQV,U07LY4K586M,2nd-f-coffeteria,0.0,none,Moist,Rudolph,0.0
2025-07-17,1,C05H4DHU3HC,U017E4NMFQV,U087CHQLZ7B,2nd-f-coffeteria,0.0,none,Scratch and Dent,Prancer,0.0
2025-07-17,1,C02AC8PS1T7,U017QPPJVJ5,U016890PYHM,ao-the-colosseum,3.0,1stf,Bedpan,Olive,0.0
2025-07-17,1,C02AC8PS1T7,U017QPPJVJ5,U016VPSQSFR,ao-the-colosseum,3.0,1stf,Trickle,Dancer,0.0
2025-07-17,1,C02AC8PS1T7,U017QPPJVJ5,U016ZUU67BN,ao-the-colosseum,3.0,1stf,5-Putt,Dancer,0.0
2025-07-17,1,C02AC8PS1T7,U017QPPJVJ5,U0171KQRB6D,ao-the-colosseum,3.0,1stf,vern,Dasher,0.0
2025-07-17,1,C02AC8PS1T7,U017QPPJVJ5,U0178E2951T,ao-the-colosseum,3.0,1stf,Blowfish,Unknown Team,
2025-07-17,1,C02AC8PS1T7,U017QPPJVJ5,U017HR8U5RS,ao-the-colosseum,3.0,1stf,SkidMark,Vixen,0.0
2025-07-17,1,C02AC8PS1T7,U017QPPJVJ5,U017QPPJVJ5,ao-the-colosseum,3.0,1stf,Bob Villa,Comet,0.0
2025-07-17,1,C02AC8PS1T7,U017QPPJVJ5,U018377K57S,ao-the-colosseum,3.0,1stf,Spirit,Cupid,0.0
2025-07-17,1,C02AC8PS1T7,U017QPPJVJ5,U019MT194E7,ao-the-colosseum,3.0,1stf,Jellystone,Dancer,0.0
2025-07-17,1,C02AC8PS1T7,U017QPPJVJ5,U01E40PTNFJ,ao-the-colosseum,3.0,1stf,Bunker,Vixen,0.0
2025-07-17,1,C02AC8PS1T7,U017QPPJVJ5,U02A96W697X,ao-the-colosseum,3.0,1stf,Dauber,Donner,0.0
2025-07-17,1,C02AC8PS1T7,U017QPPJVJ5,U02F2UV0MCL,ao-the-colosseum,3.0,1stf,Blue Gill,Cupid,0.0
2025-07-17,1,C02AC8PS1T7,U017QPPJVJ5,U03U8N4P5G8,ao-the-colosseum,3.0,1stf,Flo,Comet,0.0
2025-07-17,1,C02AC8PS1T7,U017QPPJVJ5,U0536BG9AMU,ao-the-colosseum,3.0,1stf,TruGreen,Cupid,0.0
2025-07-17,1,C02AC8PS1T7,U017QPPJVJ5,U05LL7ESE79,ao-the-colosseum,3.0,1stf,Cutler,Vixen,0.0
2025-07-17,1,C02AC8PS1T7,U017QPPJVJ5,U061CBW96MA,ao-the-colosseum,3.0,1stf,Singer,Prancer,0.0
2025-07-17,1,C02AC8PS1T7,U017QPPJVJ5,U06A1RN2DQF,ao-the-colosseum,3.0,1stf,Hank Hill,Dasher,0.0
2025-07-17,1,C02AC8PS1T7,U017QPPJVJ5,U06H3QB4KMY,ao-the-colosseum,3.0,1stf,Mahomes,Blitzen,0.0
2025-07-17,1,C02AC8PS1T7,U017QPPJVJ5,U070Z12249H,ao-the-colosseum,3.0,1stf,Xena- Warrior Princess,Olive,0.0
2025-07-17,1,C02AC8PS1T7,U017QPPJVJ5,U075J9NN91N,ao-the-colosseum,3.0,1stf,Pop-Tart (F3 Outlands),Unknown Team,
2025-07-17,1,C02AC8PS1T7,U017QPPJVJ5,U07DTG7DY07,ao-the-colosseum,3.0,1stf,Dr. Feelgood,Blitzen,0.0
2025-07-17,1,C02AC8PS1T7,U017QPPJVJ5,U0950RW8JHX,ao-the-colosseum,3.0,1stf,Eliot Ness,Unknown Team,
2025-07-17,1,C02AC8PS1T7,U017QPPJVJ5,U095K6T98P9,ao-the-colosseum,3.0,1stf,Intern,Unknown Team,
2025-07-17,1,C02AC8PS1T7,U017QPPJVJ5,U095MNVG2R5,ao-the-colosseum,3.0,1stf,Kidney Beans,Unknown Team,
2025-07-17,1,C02B4U0M71N,U0186PNUG3T,U017E4NMFQV,ao-the-ridge,3.0,1stf,Hanger,Cupid,0.0
2025-07-17,1,C02B4U0M71N,U0186PNUG3T,U0186PNUG3T,ao-the-ridge,3.0,1stf,Hackman,Donner,0.0
2025-07-17,1,C02B4U0M71N,U0186PNUG3T,U03TYSW2933,ao-the-ridge,3.0,1stf,The Worm,Rudolph,0.0
2025-07-17,1,C02B4U0M71N,U0186PNUG3T,U05GFSH6BC2,ao-the-ridge,3.0,1stf,Ink Jet,Dasher,0.0
2025-07-17,1,C02B4U0M71N,U0186PNUG3T,U07CY9BC4UV,ao-the-ridge,3.0,1stf,Hydrant,Comet,0.0
2025-07-17,1,C02B4U0M71N,U0186PNUG3T,U07LY4K586M,ao-the-ridge,3.0,1stf,Moist,Rudolph,0.0
2025-07-17,1,C02B4U0M71N,U0186PNUG3T,U087CHQLZ7B,ao-the-ridge,3.0,1stf,Scratch and Dent,Prancer,0.0
2025-07-17,1,C016V8D1J5A,U040Y3RQPNJ,U03FQ2U8UJK,,,,Mapquest,Dancer,0.0
2025-07-17,1,C02A0HGC4PR,U040Y3RQPNJ,U03FQ2U8UJK,ao-the-olympiad,3.0,1stf,Mapquest,Dancer,0.0
2025-07-17,1,C016V8D1J5A,U040Y3RQPNJ,U03SX99V3PU,,,,Meta,Dancer,0.0
2025-07-17,1,C02A0HGC4PR,U040Y3RQPNJ,U03SX99V3PU,ao-the-olympiad,3.0,1stf,Meta,Dancer,0.0
2025-07-17,1,C016V8D1J5A,U040Y3RQPNJ,U040Y3RQPNJ,,,,Six Sheets,Rudolph,0.0
2025-07-17,1,C02A0HGC4PR,U040Y3RQPNJ,U040Y3RQPNJ,ao-the-olympiad,3.0,1stf,Six Sheets,Rudolph,0.0
2025-07-17,1,C016V8D1J5A,U040Y3RQPNJ,U04Q01BPTPE,,,,Olive Oyl,Comet,0.0
2025-07-17,1,C02A0HGC4PR,U040Y3RQPNJ,U04Q01BPTPE,ao-the-olympiad,3.0,1stf,Olive Oyl,Comet,0.0
2025-07-17,1,C016V8D1J5A,U040Y3RQPNJ,U051330RY2J,,,,Depends (3rdF Q),Cupid,0.0
2025-07-17,1,C02A0HGC4PR,U040Y3RQPNJ,U051330RY2J,ao-the-olympiad,3.0,1stf,Depends (3rdF Q),Cupid,0.0
2025-07-17,1,C016V8D1J5A,U040Y3RQPNJ,U056VUVJ63D,,,,Napster,Blitzen,0.0
2025-07-17,1,C02A0HGC4PR,U040Y3RQPNJ,U056VUVJ63D,ao-the-olympiad,3.0,1stf,Napster,Blitzen,0.0
2025-07-17,1,C016V8D1J5A,U040Y3RQPNJ,U05C8DP6YS0,,,,Algorithm,Cupid,0.0
2025-07-17,1,C02A0HGC4PR,U040Y3RQPNJ,U05C8DP6YS0,ao-the-olympiad,3.0,1stf,Algorithm,Cupid,0.0
2025-07-17,1,C016V8D1J5A,U040Y3RQPNJ,U05TUKL5N87,,,,Zimmer,Rudolph,0.0
2025-07-17,1,C02A0HGC4PR,U040Y3RQPNJ,U05TUKL5N87,ao-the-olympiad,3.0,1stf,Zimmer,Rudolph,0.0
2025-07-17,1,C016V8D1J5A,U040Y3RQPNJ,U07RD0ACG80,,,,Nemo,Rudolph,0.0
2025-07-17,1,C02A0HGC4PR,U040Y3RQPNJ,U07RD0ACG80,ao-the-olympiad,3.0,1stf,Nemo,Rudolph,0.0
2025-07-17,1,C016V8D1J5A,U040Y3RQPNJ,U08TD9DD6M6,,,,Scuba Steve,Rudolph,0.0
2025-07-17,1,C02A0HGC4PR,U040Y3RQPNJ,U08TD9DD6M6,ao-the-olympiad,3.0,1stf,Scuba Steve,Rudolph,0.0
2025-07-17,1,C03KZ95AS75,U0536BG9AMU,U016890PYHM,3rd-f-qsource,4.0,qs,Bedpan,Olive,0.0
2025-07-17,1,C03KZ95AS75,U0536BG9AMU,U017QPPJVJ5,3rd-f-qsource,4.0,qs,Bob Villa,Comet,0.0
2025-07-17,1,C03KZ95AS75,U0536BG9AMU,U04Q01BPTPE,3rd-f-qsource,4.0,qs,Olive Oyl,Comet,0.0
2025-07-17,1,C03KZ95AS75,U0536BG9AMU,U051330RY2J,3rd-f-qsource,4.0,qs,Depends (3rdF Q),Cupid,0.0
2025-07-17,1,C03KZ95AS75,U0536BG9AMU,U0536BG9AMU,3rd-f-qsource,4.0,qs,TruGreen,Cupid,0.0
2025-07-17,1,C03KZ95AS75,U0536BG9AMU,U05LL7ESE79,3rd-f-qsource,4.0,qs,Cutler,Vixen,0.0
2025-07-17,1,C03KZ95AS75,U0536BG9AMU,U070NTWF7G8,3rd-f-qsource,4.0,qs,Foghorn,Comet,0.0
2025-07-17,1,C03KZ95AS75,U0536BG9AMU,U0950RW8JHX,3rd-f-qsource,4.0,qs,Eliot Ness,Unknown Team,
2025-07-17,1,C02DNLUQN9Y,U05FZ4QEFG9,U03TX17L7AQ,ao-black-diamond,4.0,1stf,Foreclosure,Blitzen,0.0
2025-07-17,1,C02DNLUQN9Y,U05FZ4QEFG9,U05FZ4QEFG9,ao-black-diamond,4.0,1stf,Tweety,Vixen,0.0
2025-07-17,1,C02DNLUQN9Y,U05FZ4QEFG9,U06K8PKQGA1,ao-black-diamond,4.0,1stf,Duck Hunt,Dasher,0.0
2025-07-17,1,C02DNLUQN9Y,U05FZ4QEFG9,U070NTWF7G8,ao-black-diamond,4.0,1stf,Foghorn,Comet,0.0
2025-07-17,1,C06SUFPUNTZ,U06H3QB4KMY,U019MT194E7,ao-el-coyote,3.0,1stf,Jellystone,Dancer,0.0
2025-07-17,1,C06SUFPUNTZ,U06H3QB4KMY,U03765UPB8C,ao-el-coyote,3.0,1stf,Chum Bucket,Prancer,0.0
2025-07-17,1,C06SUFPUNTZ,U06H3QB4KMY,U03SX99V3PU,ao-el-coyote,3.0,1stf,Meta,Dancer,0.0
2025-07-17,1,C06SUFPUNTZ,U06H3QB4KMY,U04RQB0TXFS,ao-el-coyote,3.0,1stf,Hot Lava,Cupid,0.0
2025-07-17,1,C06SUFPUNTZ,U06H3QB4KMY,U04U8EGCQS1,ao-el-coyote,3.0,1stf,Manhole,Olive,0.0
2025-07-17,1,C06SUFPUNTZ,U06H3QB4KMY,U06H3QB4KMY,ao-el-coyote,3.0,1stf,Mahomes,Blitzen,0.0
2025-07-17,1,C06SUFPUNTZ,U06H3QB4KMY,U095K6T98P9,ao-el-coyote,3.0,1stf,Intern,Unknown Team,
2025-07-17,1,C06SUFPUNTZ,U06H3QB4KMY,U09699HEA4E,ao-el-coyote,3.0,1stf,FLYER,Unknown Team,
2025-07-17,1,C017KB6LEP7,U071GSVM24B,U071GSVM24B,downrange,3.0,1stf,Spit Valve,Blitzen,0.0
2025-07-17,1,C017KB6LEP7,USLACKBOT,U07GJC6UG1Z,downrange,3.0,1stf,Celler Dweller,Cupid,0.0
2025-07-17,1,C017KB6LEP7,USLACKBOT,USLACKBOT,downrange,3.0,1stf,Slackbot,Comet,0.0
2025-07-18,1,C017KB6LEP7,U0171K8109F,U0171K8109F,downrange,3.0,1stf,F3CrossroadsIL,Dasher,0.0
2025-07-18,1,C017KB6LEP7,U0171K8109F,U03DP9WRXJN,downrange,3.0,1stf,Backstreet,Rudolph,0.0
2025-07-18,1,C05H4DHU3HC,U017E4NMFQV,U017E4NMFQV,2nd-f-coffeteria,0.0,none,Hanger,Cupid,0.0
2025-07-18,1,C05H4DHU3HC,U017E4NMFQV,U018098KAAC,2nd-f-coffeteria,0.0,none,Sparkler,Comet,0.0
2025-07-18,1,C05H4DHU3HC,U017E4NMFQV,U01ANAL4DUL,2nd-f-coffeteria,0.0,none,Storm Chaser,Donner,0.0
2025-07-18,1,C05H4DHU3HC,U017E4NMFQV,U01E40PTNFJ,2nd-f-coffeteria,0.0,none,Bunker,Vixen,0.0
2025-07-18,1,C05H4DHU3HC,U017E4NMFQV,U02KN9HUSE6,2nd-f-coffeteria,0.0,none,Soft Hands,Dasher,0.0
2025-07-18,1,C05H4DHU3HC,U017E4NMFQV,U03765UPB8C,2nd-f-coffeteria,0.0,none,Chum Bucket,Prancer,0.0
2025-07-18,1,C05H4DHU3HC,U017E4NMFQV,U03TX17L7AQ,2nd-f-coffeteria,0.0,none,Foreclosure,Blitzen,0.0
2025-07-18,1,C05H4DHU3HC,U017E4NMFQV,U040Y3RQPNJ,2nd-f-coffeteria,0.0,none,Six Sheets,Rudolph,0.0
2025-07-18,1,C05H4DHU3HC,U017E4NMFQV,U04RBT6T8RJ,2nd-f-coffeteria,0.0,none,Old Maid,Rudolph,0.0
2025-07-18,1,C05H4DHU3HC,U017E4NMFQV,U05TUKL5N87,2nd-f-coffeteria,0.0,none,Zimmer,Rudolph,0.0
2025-07-18,1,C05H4DHU3HC,U017E4NMFQV,U092LRKGN2E,2nd-f-coffeteria,0.0,none,Pearl,Unknown Team,
2025-07-18,1,C02AC8PS1T7,U019Y7P6XPF,U019Y7P6XPF,ao-the-colosseum,3.0,1stf,Foundation,Vixen,0.0
2025-07-18,1,C02AC8PS1T7,U019Y7P6XPF,U02H51CJS30,ao-the-colosseum,3.0,1stf,Pull-up,Donner,0.0
2025-07-18,1,C02AC8PS1T7,U019Y7P6XPF,U05UDL3EVGR,ao-the-colosseum,3.0,1stf,Peashooter,Comet,0.0
2025-07-18,1,C02AC8PS1T7,U019Y7P6XPF,U07RD0ACG80,ao-the-colosseum,3.0,1stf,Nemo,Rudolph,0.0
2025-07-18,1,C02AC8PS1T7,U019Y7P6XPF,U089QSWGZ7Z,ao-the-colosseum,3.0,1stf,Wet Bandit,Prancer,0.0
2025-07-18,1,C02AC8PS1T7,U019Y7P6XPF,U08TD9DD6M6,ao-the-colosseum,3.0,1stf,Scuba Steve,Rudolph,0.0
2025-07-18,1,C04PLDCTSJV,U02KN9HUSE6,U017E4NMFQV,ao-the-grove,3.0,1stf,Hanger,Cupid,0.0
2025-07-18,1,C04PLDCTSJV,U02KN9HUSE6,U018098KAAC,ao-the-grove,3.0,1stf,Sparkler,Comet,0.0
2025-07-18,1,C04PLDCTSJV,U02KN9HUSE6,U01ANAL4DUL,ao-the-grove,3.0,1stf,Storm Chaser,Donner,0.0
2025-07-18,1,C04PLDCTSJV,U02KN9HUSE6,U01E40PTNFJ,ao-the-grove,3.0,1stf,Bunker,Vixen,0.0
2025-07-18,1,C04PLDCTSJV,U02KN9HUSE6,U02KN9HUSE6,ao-the-grove,3.0,1stf,Soft Hands,Dasher,0.0
2025-07-18,1,C04PLDCTSJV,U02KN9HUSE6,U02NBKHN3NK,ao-the-grove,3.0,1stf,Dungeon Master,Dancer,0.0
2025-07-18,1,C04PLDCTSJV,U02KN9HUSE6,U03765UPB8C,ao-the-grove,3.0,1stf,Chum Bucket,Prancer,0.0
2025-07-18,1,C04PLDCTSJV,U02KN9HUSE6,U03TX17L7AQ,ao-the-grove,3.0,1stf,Foreclosure,Blitzen,0.0
2025-07-18,1,C04PLDCTSJV,U02KN9HUSE6,U040Y3RQPNJ,ao-the-grove,3.0,1stf,Six Sheets,Rudolph,0.0
2025-07-18,1,C04PLDCTSJV,U02KN9HUSE6,U04H3PWJN5A,ao-the-grove,3.0,1stf,Juanita,Dasher,0.0
2025-07-18,1,C04PLDCTSJV,U02KN9HUSE6,U04RBT6T8RJ,ao-the-grove,3.0,1stf,Old Maid,Rudolph,0.0
2025-07-18,1,C04PLDCTSJV,U02KN9HUSE6,U05TUKL5N87,ao-the-grove,3.0,1stf,Zimmer,Rudolph,0.0
2025-07-18,1,C04PLDCTSJV,U02KN9HUSE6,U092LRKGN2E,ao-the-grove,3.0,1stf,Pearl,Unknown Team,
2025-07-18,1,C0329PXMA6T,U03KV19V5JS,U03KV19V5JS,ao-da-grizz,3.0,1stf,Cowbell,Vixen,0.0
2025-07-18,1,C0329PXMA6T,U03KV19V5JS,U041T99TNTC,ao-da-grizz,3.0,1stf,YellowPages,Dancer,0.0
2025-07-18,1,C0329PXMA6T,U03KV19V5JS,U06A1RN2DQF,ao-da-grizz,3.0,1stf,Hank Hill,Dasher,0.0
2025-07-18,1,C0329PXMA6T,U03KV19V5JS,U06GZ8ECZC5,ao-da-grizz,3.0,1stf,Boomer,Rudolph,0.0
2025-07-18,1,C0329PXMA6T,U03KV19V5JS,U06K8PKQGA1,ao-da-grizz,3.0,1stf,Duck Hunt,Dasher,0.0
2025-07-18,1,C0329PXMA6T,U03KV19V5JS,U077RQMTNG3,ao-da-grizz,3.0,1stf,Celine Dion,Comet,0.0
2025-07-18,1,C0329PXMA6T,U03KV19V5JS,U080FGLKUH5,ao-da-grizz,3.0,1stf,Hodl,Olive,0.0
2025-07-18,1,C017KB6LEP7,U03SX99V3PU,U017Q7Q4CSD,downrange,3.0,1stf,Ozark,Cupid,0.0
2025-07-18,1,C017KB6LEP7,U03SX99V3PU,U020A7W78FQ,downrange,3.0,1stf,Mr. Belding,Comet,0.0
2025-07-18,1,C017KB6LEP7,U03SX99V3PU,U02NST5BMKJ,downrange,3.0,1stf,Dear Abby,Dancer,0.0
2025-07-18,1,C017KB6LEP7,U03SX99V3PU,U03EPDEKY4U,downrange,3.0,1stf,Schlitz,Prancer,0.0
2025-07-18,1,C017KB6LEP7,U03SX99V3PU,U03SX99V3PU,downrange,3.0,1stf,Meta,Dancer,0.0
2025-07-18,1,C017KB6LEP7,U03SX99V3PU,U048GCZ7GBY,downrange,3.0,1stf,Broomstick,Rudolph,0.0
2025-07-18,1,C017KB6LEP7,U03SX99V3PU,U04H6HMNPH9,downrange,3.0,1stf,Cinderella,Donner,0.0
2025-07-18,1,C017KB6LEP7,U03SX99V3PU,U05LL7ESE79,downrange,3.0,1stf,Cutler,Vixen,0.0
2025-07-18,1,C05H4DHU3HC,U041T99TNTC,U03KV19V5JS,2nd-f-coffeteria,0.0,none,Cowbell,Vixen,0.0
2025-07-18,1,C05H4DHU3HC,U041T99TNTC,U041T99TNTC,2nd-f-coffeteria,0.0,none,YellowPages,Dancer,0.0
2025-07-18,1,C05H4DHU3HC,U041T99TNTC,U06K8PKQGA1,2nd-f-coffeteria,0.0,none,Duck Hunt,Dasher,0.0
2025-07-18,1,C05H4DHU3HC,U041T99TNTC,U077RQMTNG3,2nd-f-coffeteria,0.0,none,Celine Dion,Comet,0.0
2025-07-18,1,C05H4DHU3HC,U041T99TNTC,U080FGLKUH5,2nd-f-coffeteria,0.0,none,Hodl,Olive,0.0
2025-07-18,1,C02B4U0M71N,U06H3QB4KMY,U02A96W697X,ao-the-ridge,3.0,1stf,Dauber,Donner,0.0
2025-07-18,1,C02B4U0M71N,U06H3QB4KMY,U02F2UV0MCL,ao-the-ridge,3.0,1stf,Blue Gill,Cupid,0.0
2025-07-18,1,C02B4U0M71N,U06H3QB4KMY,U040R8S1N6P,ao-the-ridge,3.0,1stf,Dilbert,Vixen,0.0
2025-07-18,1,C02B4U0M71N,U06H3QB4KMY,U06GZE2D66R,ao-the-ridge,3.0,1stf,Sparky,Donner,0.0
2025-07-18,1,C02B4U0M71N,U06H3QB4KMY,U06H3QB4KMY,ao-the-ridge,3.0,1stf,Mahomes,Blitzen,0.0
2025-07-18,1,C02B4U0M71N,U06H3QB4KMY,U07BTHWFLGZ,ao-the-ridge,3.0,1stf,Bill Nye,Olive,0.0
2025-07-18,1,C02A0HGC4PR,U071GSVM24B,U017QPPJVJ5,ao-the-olympiad,3.0,1stf,Bob Villa,Comet,0.0
2025-07-18,1,C02A0HGC4PR,U071GSVM24B,U02LGCKH24W,ao-the-olympiad,3.0,1stf,Sensodyne,Prancer,0.0
2025-07-18,1,C02A0HGC4PR,U071GSVM24B,U056VUVJ63D,ao-the-olympiad,3.0,1stf,Napster,Blitzen,0.0
2025-07-18,1,C02A0HGC4PR,U071GSVM24B,U071GSVM24B,ao-the-olympiad,3.0,1stf,Spit Valve,Blitzen,0.0
2025-07-19,1,C017KB6LEP7,U0171K8109F,U0171K8109F,downrange,3.0,1stf,F3CrossroadsIL,Dasher,0.0
2025-07-19,1,C017KB6LEP7,U0171K8109F,U07GJC6UG1Z,downrange,3.0,1stf,Celler Dweller,Cupid,0.0
2025-07-19,1,C0329PXMA6T,U041R4GK79V,U03KV19V5JS,ao-da-grizz,3.0,1stf,Cowbell,Vixen,0.0
2025-07-19,1,C0329PXMA6T,U041R4GK79V,U041R4GK79V,ao-da-grizz,3.0,1stf,fuzzy navel,Dancer,0.0
2025-07-19,1,C0329PXMA6T,U041R4GK79V,U041T99TNTC,ao-da-grizz,3.0,1stf,YellowPages,Dancer,0.0
2025-07-19,1,C0329PXMA6T,U041R4GK79V,U04H3PWJN5A,ao-da-grizz,3.0,1stf,Juanita,Dasher,0.0
2025-07-19,1,C0329PXMA6T,U041R4GK79V,U06GZ8ECZC5,ao-da-grizz,3.0,1stf,Boomer,Rudolph,0.0
2025-07-19,1,C0329PXMA6T,U041R4GK79V,U081JKWAR33,ao-da-grizz,3.0,1stf,Sailer Moon,Prancer,0.0
2025-07-19,1,C0329PXMA6T,U041R4GK79V,U08U4PQV3DJ,ao-da-grizz,3.0,1stf,Phoenix,Vixen,0.0
2025-07-19,1,C0329PXMA6T,U041R4GK79V,U090GAA7QE6,ao-da-grizz,3.0,1stf,Laces Out,Vixen,0.0
2025-07-19,1,C02B4U0M71N,U05LL7ESE79,U0171KQRB6D,ao-the-ridge,3.0,1stf,vern,Dasher,0.0
2025-07-19,1,C02B4U0M71N,U05LL7ESE79,U017QPPJVJ5,ao-the-ridge,3.0,1stf,Bob Villa,Comet,0.0
2025-07-19,1,C02B4U0M71N,U05LL7ESE79,U03T43SBJNA,ao-the-ridge,3.0,1stf,Homer Simpson,Dancer,0.0
2025-07-19,1,C02B4U0M71N,U05LL7ESE79,U056VUVJ63D,ao-the-ridge,3.0,1stf,Napster,Blitzen,0.0
2025-07-19,1,C02B4U0M71N,U05LL7ESE79,U05LL7ESE79,ao-the-ridge,3.0,1stf,Cutler,Vixen,0.0
2025-07-19,1,C02B4U0M71N,U05LL7ESE79,U06A1RN2DQF,ao-the-ridge,3.0,1stf,Hank Hill,Dasher,0.0
2025-07-19,1,C02B4U0M71N,U05LL7ESE79,U080FGLKUH5,ao-the-ridge,3.0,1stf,Hodl,Olive,0.0
2025-07-19,1,C0168ASEPD5,U06A1RN2DQF,U03T43SBJNA,3rd-f,5.0,3rdf,Homer Simpson,Dancer,0.0
2025-07-19,1,C0168ASEPD5,U06A1RN2DQF,U06A1RN2DQF,3rd-f,5.0,3rdf,Hank Hill,Dasher,0.0
2025-07-19,1,C0168ASEPD5,U06A1RN2DQF,U06GZ8ECZC5,3rd-f,5.0,3rdf,Boomer,Rudolph,0.0
2025-07-19,1,C0168ASEPD5,U06A1RN2DQF,U08U4PQV3DJ,3rd-f,5.0,3rdf,Phoenix,Vixen,0.0
2025-07-19,1,C02AC8PS1T7,U07698FG143,U03T43SBJNA,ao-the-colosseum,3.0,1stf,Homer Simpson,Dancer,0.0
2025-07-19,1,C02AC8PS1T7,U07698FG143,U04H3PWJN5A,ao-the-colosseum,3.0,1stf,Juanita,Dasher,0.0
2025-07-19,1,C02AC8PS1T7,U07698FG143,U05LL7ESE79,ao-the-colosseum,3.0,1stf,Cutler,Vixen,0.0
2025-07-19,1,C02AC8PS1T7,U07698FG143,U0603QP17QE,ao-the-colosseum,3.0,1stf,Ecto Cooler,Comet,0.0
2025-07-19,1,C02AC8PS1T7,U07698FG143,U06A1RN2DQF,ao-the-colosseum,3.0,1stf,Hank Hill,Dasher,0.0
2025-07-19,1,C02AC8PS1T7,U07698FG143,U06GZ8ECZC5,ao-the-colosseum,3.0,1stf,Boomer,Rudolph,0.0
2025-07-19,1,C02AC8PS1T7,U07698FG143,U071GSVM24B,ao-the-colosseum,3.0,1stf,Spit Valve,Blitzen,0.0
2025-07-19,1,C02AC8PS1T7,U07698FG143,U07698FG143,ao-the-colosseum,3.0,1stf,Ricochet,Donner,0.0
2025-07-19,1,C02AC8PS1T7,U07698FG143,U07ENSE9S1X,ao-the-colosseum,3.0,1stf,Great Clips,Dancer,0.0
2025-07-19,1,C02AC8PS1T7,U07698FG143,U08TD9DD6M6,ao-the-colosseum,3.0,1stf,Scuba Steve,Rudolph,0.0
2025-07-19,1,C02AC8PS1T7,U07698FG143,U08U4PQV3DJ,ao-the-colosseum,3.0,1stf,Phoenix,Vixen,0.0
2025-07-19,1,C02AC8PS1T7,U07698FG143,U095K6T98P9,ao-the-colosseum,3.0,1stf,Intern,Unknown Team,
2025-07-19,1,C02AC8PS1T7,U07698FG143,U095MNVG2R5,ao-the-colosseum,3.0,1stf,Kidney Beans,Unknown Team,
2025-07-19,1,C017KB6LEP7,USLACKBOT,U02A96W697X,downrange,3.0,1stf,Dauber,Donner,0.0
2025-07-19,1,C017KB6LEP7,USLACKBOT,U03765UPB8C,downrange,3.0,1stf,Chum Bucket,Prancer,0.0
2025-07-19,1,C017KB6LEP7,USLACKBOT,U03TX17L7AQ,downrange,3.0,1stf,Foreclosure,Blitzen,0.0
2025-07-19,1,C017KB6LEP7,USLACKBOT,USLACKBOT,downrange,3.0,1stf,Slackbot,Comet,0.0
2025-07-20,2,C017CTS0UQG,U03EPDEKY4U,U03EPDEKY4U,2nd-f,3.0,2ndf,Schlitz,Prancer,0.0
2025-07-20,2,C017CTS0UQG,U03EPDEKY4U,U06K8PKQGA1,2nd-f,3.0,2ndf,Duck Hunt,Dasher,0.0
2025-07-20,2,C017CTS0UQG,U03EPDEKY4U,U080FGLKUH5,2nd-f,3.0,2ndf,Hodl,Olive,0.0
2025-07-21,2,C05H4DHU3HC,U016V6KHM36,U016890PYHM,2nd-f-coffeteria,0.0,none,Bedpan,Olive,0.0
2025-07-21,2,C05H4DHU3HC,U016V6KHM36,U016M1Z8NLE,2nd-f-coffeteria,0.0,none,Happy Camper,Olive,0.0
2025-07-21,2,C05H4DHU3HC,U016V6KHM36,U016V6KHM36,2nd-f-coffeteria,0.0,none,Dilly Dilly,Prancer,0.0
2025-07-21,2,C05H4DHU3HC,U016V6KHM36,U017Q6TF0TB,2nd-f-coffeteria,0.0,none,Gopher,Prancer,0.0
2025-07-21,2,C05H4DHU3HC,U016V6KHM36,U018098KAAC,2nd-f-coffeteria,0.0,none,Sparkler,Comet,0.0
2025-07-21,2,C05H4DHU3HC,U016V6KHM36,U018377K57S,2nd-f-coffeteria,0.0,none,Spirit,Cupid,0.0
2025-07-21,2,C05H4DHU3HC,U016V6KHM36,U03TX17L7AQ,2nd-f-coffeteria,0.0,none,Foreclosure,Blitzen,0.0
2025-07-21,2,C05H4DHU3HC,U016V6KHM36,U05LL7ESE79,2nd-f-coffeteria,0.0,none,Cutler,Vixen,0.0
2025-07-21,2,C05H4DHU3HC,U016V6KHM36,U070NTWF7G8,2nd-f-coffeteria,0.0,none,Foghorn,Comet,0.0
2025-07-21,2,C05H4DHU3HC,U016V6KHM36,U071GSVM24B,2nd-f-coffeteria,0.0,none,Spit Valve,Blitzen,0.0
2025-07-21,2,C05H4DHU3HC,U016V6KHM36,U095K6T98P9,2nd-f-coffeteria,0.0,none,Intern,Unknown Team,
2025-07-21,2,C017KB6LEP7,U0171K8109F,U0171K8109F,downrange,3.0,1stf,F3CrossroadsIL,Dasher,0.0
2025-07-21,2,C017KB6LEP7,U0171K8109F,U05ULCL3806,downrange,3.0,1stf,Mr. Kotter,Prancer,0.0
2025-07-21,2,C02AC8PS1T7,U0171KQRB6D,U016890PYHM,ao-the-colosseum,3.0,1stf,Bedpan,Olive,0.0
2025-07-21,2,C02AC8PS1T7,U0171KQRB6D,U016M1Z8NLE,ao-the-colosseum,3.0,1stf,Happy Camper,Olive,0.0
2025-07-21,2,C02AC8PS1T7,U0171KQRB6D,U016V6KHM36,ao-the-colosseum,3.0,1stf,Dilly Dilly,Prancer,0.0
2025-07-21,2,C02AC8PS1T7,U0171KQRB6D,U016ZUU67BN,ao-the-colosseum,3.0,1stf,5-Putt,Dancer,0.0
2025-07-21,2,C02AC8PS1T7,U0171KQRB6D,U0171KQRB6D,ao-the-colosseum,3.0,1stf,vern,Dasher,0.0
2025-07-21,2,C02AC8PS1T7,U0171KQRB6D,U017HR8U5RS,ao-the-colosseum,3.0,1stf,SkidMark,Vixen,0.0
2025-07-21,2,C02AC8PS1T7,U0171KQRB6D,U017Q6TF0TB,ao-the-colosseum,3.0,1stf,Gopher,Prancer,0.0
2025-07-21,2,C02AC8PS1T7,U0171KQRB6D,U017QPPJVJ5,ao-the-colosseum,3.0,1stf,Bob Villa,Comet,0.0
2025-07-21,2,C02AC8PS1T7,U0171KQRB6D,U018098KAAC,ao-the-colosseum,3.0,1stf,Sparkler,Comet,0.0
2025-07-21,2,C02AC8PS1T7,U0171KQRB6D,U018377K57S,ao-the-colosseum,3.0,1stf,Spirit,Cupid,0.0
2025-07-21,2,C02AC8PS1T7,U0171KQRB6D,U02A96W697X,ao-the-colosseum,3.0,1stf,Dauber,Donner,0.0
2025-07-21,2,C02AC8PS1T7,U0171KQRB6D,U02LGCKH24W,ao-the-colosseum,3.0,1stf,Sensodyne,Prancer,0.0
2025-07-21,2,C02AC8PS1T7,U0171KQRB6D,U03TX17L7AQ,ao-the-colosseum,3.0,1stf,Foreclosure,Blitzen,0.0
2025-07-21,2,C02AC8PS1T7,U0171KQRB6D,U03U8N4P5G8,ao-the-colosseum,3.0,1stf,Flo,Comet,0.0
2025-07-21,2,C02AC8PS1T7,U0171KQRB6D,U040Y3RQPNJ,ao-the-colosseum,3.0,1stf,Six Sheets,Rudolph,0.0
2025-07-21,2,C02AC8PS1T7,U0171KQRB6D,U04H6HMNPH9,ao-the-colosseum,3.0,1stf,Cinderella,Donner,0.0
2025-07-21,2,C02AC8PS1T7,U0171KQRB6D,U05LL7ESE79,ao-the-colosseum,3.0,1stf,Cutler,Vixen,0.0
2025-07-21,2,C02AC8PS1T7,U0171KQRB6D,U070NTWF7G8,ao-the-colosseum,3.0,1stf,Foghorn,Comet,0.0
2025-07-21,2,C02AC8PS1T7,U0171KQRB6D,U071GSVM24B,ao-the-colosseum,3.0,1stf,Spit Valve,Blitzen,0.0
2025-07-21,2,C02AC8PS1T7,U0171KQRB6D,U08RFHRKC5P,ao-the-colosseum,3.0,1stf,Alter boy,Dancer,0.0
2025-07-21,2,C02AC8PS1T7,U0171KQRB6D,U095K6T98P9,ao-the-colosseum,3.0,1stf,Intern,Unknown Team,
2025-07-21,2,C02B4U0M71N,U019Y7P6XPF,U019Y7P6XPF,ao-the-ridge,3.0,1stf,Foundation,Vixen,0.0
2025-07-21,2,C02B4U0M71N,U019Y7P6XPF,U056VUVJ63D,ao-the-ridge,3.0,1stf,Napster,Blitzen,0.0
2025-07-21,2,C02B4U0M71N,U019Y7P6XPF,U073D5MRD4Z,ao-the-ridge,3.0,1stf,Hat Trick,Vixen,0.0
2025-07-21,2,C02B4U0M71N,U019Y7P6XPF,U07CY9BC4UV,ao-the-ridge,3.0,1stf,Hydrant,Comet,0.0
2025-07-21,2,C02B4U0M71N,U019Y7P6XPF,U080FGLKUH5,ao-the-ridge,3.0,1stf,Hodl,Olive,0.0
2025-07-21,2,C02B4U0M71N,U019Y7P6XPF,U08QBC4F5C3,ao-the-ridge,3.0,1stf,Fish Tape,Olive,0.0
2025-07-21,2,C02B4U0M71N,U019Y7P6XPF,U08TD9DD6M6,ao-the-ridge,3.0,1stf,Scuba Steve,Rudolph,0.0
2025-07-21,2,C017KB6LEP7,U03DP9WRXJN,U017QPPJVJ5,downrange,3.0,1stf,Bob Villa,Comet,0.0
2025-07-21,2,C017KB6LEP7,U03DP9WRXJN,U03DP9WRXJN,downrange,3.0,1stf,Backstreet,Rudolph,0.0
2025-07-21,2,C017KB6LEP7,U03DP9WRXJN,U04RQB0TXFS,downrange,3.0,1stf,Hot Lava,Cupid,0.0
2025-07-21,2,C017KB6LEP7,U03DP9WRXJN,U04U8EGCQS1,downrange,3.0,1stf,Manhole,Olive,0.0
2025-07-21,2,C017KB6LEP7,U03DP9WRXJN,U06A1RN2DQF,downrange,3.0,1stf,Hank Hill,Dasher,0.0
2025-07-21,2,C017KB6LEP7,U03DP9WRXJN,U06GZE2D66R,downrange,3.0,1stf,Sparky,Donner,0.0
2025-07-21,2,C017KB6LEP7,U03DP9WRXJN,U08U4PQV3DJ,downrange,3.0,1stf,Phoenix,Vixen,0.0
2025-07-21,2,C04PLDCTSJV,U03EPDEKY4U,U01E40PTNFJ,ao-the-grove,3.0,1stf,Bunker,Vixen,0.0
2025-07-21,2,C04PLDCTSJV,U03EPDEKY4U,U02NBKHN3NK,ao-the-grove,3.0,1stf,Dungeon Master,Dancer,0.0
2025-07-21,2,C04PLDCTSJV,U03EPDEKY4U,U03765UPB8C,ao-the-grove,3.0,1stf,Chum Bucket,Prancer,0.0
2025-07-21,2,C04PLDCTSJV,U03EPDEKY4U,U03EPDEKY4U,ao-the-grove,3.0,1stf,Schlitz,Prancer,0.0
2025-07-21,2,C04PLDCTSJV,U03EPDEKY4U,U03TYSW2933,ao-the-grove,3.0,1stf,The Worm,Rudolph,0.0
2025-07-21,2,C04PLDCTSJV,U03EPDEKY4U,U040R8S1N6P,ao-the-grove,3.0,1stf,Dilbert,Vixen,0.0
2025-07-21,2,C04PLDCTSJV,U03EPDEKY4U,U04H3PWJN5A,ao-the-grove,3.0,1stf,Juanita,Dasher,0.0
2025-07-21,2,C04PLDCTSJV,U03EPDEKY4U,U05QD3D6ZK7,ao-the-grove,3.0,1stf,Caboose,Blitzen,0.0
2025-07-21,2,C04PLDCTSJV,U03EPDEKY4U,U06A1RN2DQF,ao-the-grove,3.0,1stf,Hank Hill,Dasher,0.0
2025-07-21,2,C04PLDCTSJV,U03EPDEKY4U,U07GJC6UG1Z,ao-the-grove,3.0,1stf,Celler Dweller,Cupid,0.0
2025-07-21,2,C04PLDCTSJV,U03EPDEKY4U,U07LY4K586M,ao-the-grove,3.0,1stf,Moist,Rudolph,0.0
2025-07-21,2,C04PLDCTSJV,U03EPDEKY4U,U092LRKGN2E,ao-the-grove,3.0,1stf,Pearl,Unknown Team,
2025-07-21,2,C04PLDCTSJV,U03EPDEKY4U,U095MNVG2R5,ao-the-grove,3.0,1stf,Kidney Beans,Unknown Team,
2025-07-21,2,C017KB6LEP7,U040YRLSFNW,U040YRLSFNW,downrange,3.0,1stf,Rooney,Comet,0.0
2025-07-21,2,C017KB6LEP7,U040YRLSFNW,U08U4PQV3DJ,downrange,3.0,1stf,Phoenix,Vixen,0.0
2025-07-21,2,C017KB6LEP7,U051330RY2J,U051330RY2J,downrange,3.0,1stf,Depends (3rdF Q),Cupid,0.0
2025-07-21,2,C04P7LRFBTM,U07RD0ACG80,U02F2UV0MCL,ao-the-silo,3.0,1stf,Blue Gill,Cupid,0.0
2025-07-21,2,C04P7LRFBTM,U07RD0ACG80,U02H51CJS30,ao-the-silo,3.0,1stf,Pull-up,Donner,0.0
2025-07-21,2,C04P7LRFBTM,U07RD0ACG80,U07RD0ACG80,ao-the-silo,3.0,1stf,Nemo,Rudolph,0.0
2025-07-21,2,C04P7LRFBTM,U07RD0ACG80,U087CHQLZ7B,ao-the-silo,3.0,1stf,Scratch and Dent,Prancer,0.0
2025-07-21,2,C02B4U0M71N,U019Y7P6XPF,U0186PNUG3T,ao-the-ridge,3.0,1stf,Hackman,Donner,0.0
2025-07-21,2,C05H4DHU3HC,U016V6KHM36,U02A96W697X,2nd-f-coffeteria,0.0,none,Dauber,Donner,0.0
2025-07-22,2,C02DNLUQN9Y,U0171KQRB6D,U016ZUU67BN,ao-black-diamond,4.0,1stf,5-Putt,Dancer,0.0
2025-07-22,2,C02DNLUQN9Y,U0171KQRB6D,U0171KQRB6D,ao-black-diamond,4.0,1stf,vern,Dasher,0.0
2025-07-22,2,C02DNLUQN9Y,U0171KQRB6D,U020A7W78FQ,ao-black-diamond,4.0,1stf,Mr. Belding,Comet,0.0
2025-07-22,2,C02DNLUQN9Y,U0171KQRB6D,U02A96W697X,ao-black-diamond,4.0,1stf,Dauber,Donner,0.0
2025-07-22,2,C02DNLUQN9Y,U0171KQRB6D,U02LGCKH24W,ao-black-diamond,4.0,1stf,Sensodyne,Prancer,0.0
2025-07-22,2,C02DNLUQN9Y,U0171KQRB6D,U03765UPB8C,ao-black-diamond,4.0,1stf,Chum Bucket,Prancer,0.0
2025-07-22,2,C02DNLUQN9Y,U0171KQRB6D,U048GCZ7GBY,ao-black-diamond,4.0,1stf,Broomstick,Rudolph,0.0
2025-07-22,2,C02DNLUQN9Y,U0171KQRB6D,U073J179LHM,ao-black-diamond,4.0,1stf,Sizzler,Prancer,0.0
2025-07-22,2,C017KB6LEP7,U02BUJWCMBQ,U02BUJWCMBQ,downrange,3.0,1stf,Picasso,Dancer,0.0
2025-07-22,2,C017KB6LEP7,U02BUJWCMBQ,U02KN9HUSE6,downrange,3.0,1stf,Soft Hands,Dasher,0.0
2025-07-22,2,C02B4U0M71N,U02H51CJS30,U016890PYHM,ao-the-ridge,3.0,1stf,Bedpan,Olive,0.0
2025-07-22,2,C02B4U0M71N,U02H51CJS30,U016M1Z8NLE,ao-the-ridge,3.0,1stf,Happy Camper,Olive,0.0
2025-07-22,2,C02B4U0M71N,U02H51CJS30,U016MKQUP29,ao-the-ridge,3.0,1stf,Woody,Dancer,0.0
2025-07-22,2,C02B4U0M71N,U02H51CJS30,U016V6KHM36,ao-the-ridge,3.0,1stf,Dilly Dilly,Prancer,0.0
2025-07-22,2,C02B4U0M71N,U02H51CJS30,U017HR8U5RS,ao-the-ridge,3.0,1stf,SkidMark,Vixen,0.0
2025-07-22,2,C02B4U0M71N,U02H51CJS30,U0186PNUG3T,ao-the-ridge,3.0,1stf,Hackman,Donner,0.0
2025-07-22,2,C02B4U0M71N,U02H51CJS30,U02H51CJS30,ao-the-ridge,3.0,1stf,Pull-up,Donner,0.0
2025-07-22,2,C02B4U0M71N,U02H51CJS30,U03FQ2U8UJK,ao-the-ridge,3.0,1stf,Mapquest,Dancer,0.0
2025-07-22,2,C02B4U0M71N,U02H51CJS30,U03U8N4P5G8,ao-the-ridge,3.0,1stf,Flo,Comet,0.0
2025-07-22,2,C02B4U0M71N,U02H51CJS30,U04H3PWJN5A,ao-the-ridge,3.0,1stf,Juanita,Dasher,0.0
2025-07-22,2,C02B4U0M71N,U02H51CJS30,U05GFSH6BC2,ao-the-ridge,3.0,1stf,Ink Jet,Dasher,0.0
2025-07-22,2,C02B4U0M71N,U02H51CJS30,U05QJRZNQHH,ao-the-ridge,3.0,1stf,Corner Kick,Olive,0.0
2025-07-22,2,C02B4U0M71N,U02H51CJS30,U073D5MRD4Z,ao-the-ridge,3.0,1stf,Hat Trick,Vixen,0.0
2025-07-22,2,C02B4U0M71N,U02H51CJS30,U080FGLKUH5,ao-the-ridge,3.0,1stf,Hodl,Olive,0.0
2025-07-22,2,C02B4U0M71N,U02H51CJS30,U087CHQLZ7B,ao-the-ridge,3.0,1stf,Scratch and Dent,Prancer,0.0
2025-07-22,2,C02B4U0M71N,U02H51CJS30,U08QBC4F5C3,ao-the-ridge,3.0,1stf,Fish Tape,Olive,0.0
2025-07-22,2,C06SUFPUNTZ,U03765UPB8C,U0171KQRB6D,ao-el-coyote,3.0,1stf,vern,Dasher,0.0
2025-07-22,2,C03KZ95AS75,U03765UPB8C,U019QRLHE3H,3rd-f-qsource,4.0,qs,Free Smells,Unknown Team,
2025-07-22,2,C03KZ95AS75,U03765UPB8C,U03765UPB8C,3rd-f-qsource,4.0,qs,Chum Bucket,Prancer,0.0
2025-07-22,2,C06SUFPUNTZ,U03765UPB8C,U03765UPB8C,ao-el-coyote,3.0,1stf,Chum Bucket,Prancer,0.0
2025-07-22,2,C03KZ95AS75,U03765UPB8C,U03SJESV9JR,3rd-f-qsource,4.0,qs,BABYMOMMA,Vixen,0.0
2025-07-22,2,C06SUFPUNTZ,U03765UPB8C,U03SJESV9JR,ao-el-coyote,3.0,1stf,BABYMOMMA,Vixen,0.0
2025-07-22,2,C03KZ95AS75,U03765UPB8C,U03SX99V3PU,3rd-f-qsource,4.0,qs,Meta,Dancer,0.0
2025-07-22,2,C06SUFPUNTZ,U03765UPB8C,U03SX99V3PU,ao-el-coyote,3.0,1stf,Meta,Dancer,0.0
2025-07-22,2,C03KZ95AS75,U03765UPB8C,U04M8MS2WHJ,3rd-f-qsource,4.0,qs,FINCH,Blitzen,0.0
2025-07-22,2,C06SUFPUNTZ,U03765UPB8C,U04M8MS2WHJ,ao-el-coyote,3.0,1stf,FINCH,Blitzen,0.0
2025-07-22,2,C03KZ95AS75,U03765UPB8C,U04RQB0TXFS,3rd-f-qsource,4.0,qs,Hot Lava,Cupid,0.0
2025-07-22,2,C06SUFPUNTZ,U03765UPB8C,U04RQB0TXFS,ao-el-coyote,3.0,1stf,Hot Lava,Cupid,0.0
2025-07-22,2,C03KZ95AS75,U03765UPB8C,U04U8EGCQS1,3rd-f-qsource,4.0,qs,Manhole,Olive,0.0
2025-07-22,2,C06SUFPUNTZ,U03765UPB8C,U04U8EGCQS1,ao-el-coyote,3.0,1stf,Manhole,Olive,0.0
2025-07-22,2,C03KZ95AS75,U03765UPB8C,U05LL7ESE79,3rd-f-qsource,4.0,qs,Cutler,Vixen,0.0
2025-07-22,2,C03KZ95AS75,U03765UPB8C,U06A1RN2DQF,3rd-f-qsource,4.0,qs,Hank Hill,Dasher,0.0
2025-07-22,2,C06SUFPUNTZ,U03765UPB8C,U06A1RN2DQF,ao-el-coyote,3.0,1stf,Hank Hill,Dasher,0.0
2025-07-22,2,C03KZ95AS75,U03765UPB8C,U06GZE2D66R,3rd-f-qsource,4.0,qs,Sparky,Donner,0.0
2025-07-22,2,C06SUFPUNTZ,U03765UPB8C,U06GZE2D66R,ao-el-coyote,3.0,1stf,Sparky,Donner,0.0
2025-07-22,2,C03KZ95AS75,U03765UPB8C,U06H3QB4KMY,3rd-f-qsource,4.0,qs,Mahomes,Blitzen,0.0
2025-07-22,2,C06SUFPUNTZ,U03765UPB8C,U06H3QB4KMY,ao-el-coyote,3.0,1stf,Mahomes,Blitzen,0.0
2025-07-22,2,C06SUFPUNTZ,U03765UPB8C,U075J9NN91N,ao-el-coyote,3.0,1stf,Pop-Tart (F3 Outlands),Unknown Team,
2025-07-22,2,C06SUFPUNTZ,U03765UPB8C,U08TYPXLCC8,ao-el-coyote,3.0,1stf,Sloppy Joe,Unknown Team,
2025-07-22,2,C03KZ95AS75,U03765UPB8C,U091UQXBKJP,3rd-f-qsource,4.0,qs,Sapsucker (F3 Naperville),Unknown Team,
2025-07-22,2,C06SUFPUNTZ,U03765UPB8C,U091UQXBKJP,ao-el-coyote,3.0,1stf,Sapsucker (F3 Naperville),Unknown Team,
2025-07-22,2,C06SUFPUNTZ,U03765UPB8C,U097T71J18R,ao-el-coyote,3.0,1stf,Freaky fast,Unknown Team,
2025-07-22,2,C02AC8PS1T7,U03KV19V5JS,U017QPPJVJ5,ao-the-colosseum,3.0,1stf,Bob Villa,Comet,0.0
2025-07-22,2,C02AC8PS1T7,U03KV19V5JS,U03KV19V5JS,ao-the-colosseum,3.0,1stf,Cowbell,Vixen,0.0
2025-07-22,2,C02AC8PS1T7,U03KV19V5JS,U03SJESV9JR,ao-the-colosseum,3.0,1stf,BABYMOMMA,Vixen,0.0
2025-07-22,2,C02AC8PS1T7,U03KV19V5JS,U056VUVJ63D,ao-the-colosseum,3.0,1stf,Napster,Blitzen,0.0
2025-07-22,2,C02AC8PS1T7,U03KV19V5JS,U05QD3D6ZK7,ao-the-colosseum,3.0,1stf,Caboose,Blitzen,0.0
2025-07-22,2,C02AC8PS1T7,U03KV19V5JS,U06A1RN2DQF,ao-the-colosseum,3.0,1stf,Hank Hill,Dasher,0.0
2025-07-22,2,C02AC8PS1T7,U03KV19V5JS,U070Z12249H,ao-the-colosseum,3.0,1stf,Xena- Warrior Princess,Olive,0.0
2025-07-22,2,C02AC8PS1T7,U03KV19V5JS,U07698FG143,ao-the-colosseum,3.0,1stf,Ricochet,Donner,0.0
2025-07-22,2,C02AC8PS1T7,U03KV19V5JS,U090MM9L0F4,ao-the-colosseum,3.0,1stf,Temu,Unknown Team,
2025-07-22,2,C059PJF5NTU,U05LL7ESE79,U040R8S1N6P,ao-dmz,3.0,1stf,Dilbert,Vixen,0.0
2025-07-22,2,C059PJF5NTU,U05LL7ESE79,U05FZ4QEFG9,ao-dmz,3.0,1stf,Tweety,Vixen,0.0
2025-07-22,2,C059PJF5NTU,U05LL7ESE79,U05LL7ESE79,ao-dmz,3.0,1stf,Cutler,Vixen,0.0
2025-07-22,2,C059PJF5NTU,U05LL7ESE79,U05TUKL5N87,ao-dmz,3.0,1stf,Zimmer,Rudolph,0.0
2025-07-22,2,C059PJF5NTU,U05LL7ESE79,U074T16JBDX,ao-dmz,3.0,1stf,Deliverance,Olive,0.0
2025-07-22,2,C05H4DHU3HC,U06A1RN2DQF,U017QPPJVJ5,2nd-f-coffeteria,0.0,none,Bob Villa,Comet,0.0
2025-07-22,2,C05H4DHU3HC,U06A1RN2DQF,U03SJESV9JR,2nd-f-coffeteria,0.0,none,BABYMOMMA,Vixen,0.0
2025-07-22,2,C05H4DHU3HC,U06A1RN2DQF,U056VUVJ63D,2nd-f-coffeteria,0.0,none,Napster,Blitzen,0.0
2025-07-22,2,C05H4DHU3HC,U06A1RN2DQF,U05QD3D6ZK7,2nd-f-coffeteria,0.0,none,Caboose,Blitzen,0.0
2025-07-22,2,C05H4DHU3HC,U06A1RN2DQF,U06A1RN2DQF,2nd-f-coffeteria,0.0,none,Hank Hill,Dasher,0.0
2025-07-22,2,C08TMRRJYV7,U070NTWF7G8,U018098KAAC,ao-black-rock,3.0,1stf,Sparkler,Comet,0.0
2025-07-22,2,C08TMRRJYV7,U070NTWF7G8,U01ANAL4DUL,ao-black-rock,3.0,1stf,Storm Chaser,Donner,0.0
2025-07-22,2,C08TMRRJYV7,U070NTWF7G8,U03TX17L7AQ,ao-black-rock,3.0,1stf,Foreclosure,Blitzen,0.0
2025-07-22,2,C08TMRRJYV7,U070NTWF7G8,U04U8EGCQS1,ao-black-rock,3.0,1stf,Manhole,Olive,0.0
2025-07-22,2,C08TMRRJYV7,U070NTWF7G8,U05C8DP6YS0,ao-black-rock,3.0,1stf,Algorithm,Cupid,0.0
2025-07-22,2,C08TMRRJYV7,U070NTWF7G8,U06K8PKQGA1,ao-black-rock,3.0,1stf,Duck Hunt,Dasher,0.0
2025-07-22,2,C08TMRRJYV7,U070NTWF7G8,U070NTWF7G8,ao-black-rock,3.0,1stf,Foghorn,Comet,0.0
2025-07-22,2,C08TMRRJYV7,U070NTWF7G8,U072HDGJSBG,ao-black-rock,3.0,1stf,Doozie,Vixen,0.0
2025-07-22,2,C08TMRRJYV7,U070NTWF7G8,U077RQMTNG3,ao-black-rock,3.0,1stf,Celine Dion,Comet,0.0
2025-07-22,2,C08TMRRJYV7,U070NTWF7G8,U07RD0ACG80,ao-black-rock,3.0,1stf,Nemo,Rudolph,0.0
2025-07-22,2,C08TMRRJYV7,U070NTWF7G8,U08U4PQV3DJ,ao-black-rock,3.0,1stf,Phoenix,Vixen,0.0
2025-07-22,2,C08TMRRJYV7,U070NTWF7G8,U0929V6HD5H,ao-black-rock,3.0,1stf,Kickflip,Olive,0.0
2025-07-22,2,C08TMRRJYV7,U070NTWF7G8,U092LRKGN2E,ao-black-rock,3.0,1stf,Pearl,Unknown Team,
2025-07-23,2,C02B4U0M71N,U016V6KHM36,U016M1Z8NLE,ao-the-ridge,3.0,1stf,Happy Camper,Olive,0.0
2025-07-23,2,C02B4U0M71N,U016V6KHM36,U016TRPRHKL,ao-the-ridge,3.0,1stf,Den Mother,Dasher,0.0
2025-07-23,2,C02B4U0M71N,U016V6KHM36,U016V6KHM36,ao-the-ridge,3.0,1stf,Dilly Dilly,Prancer,0.0
2025-07-23,2,C02B4U0M71N,U016V6KHM36,U016ZUU67BN,ao-the-ridge,3.0,1stf,5-Putt,Dancer,0.0
2025-07-23,2,C02B4U0M71N,U016V6KHM36,U0171KQRB6D,ao-the-ridge,3.0,1stf,vern,Dasher,0.0
2025-07-23,2,C02B4U0M71N,U016V6KHM36,U017HR8U5RS,ao-the-ridge,3.0,1stf,SkidMark,Vixen,0.0
2025-07-23,2,C02B4U0M71N,U016V6KHM36,U0186PNUG3T,ao-the-ridge,3.0,1stf,Hackman,Donner,0.0
2025-07-23,2,C02B4U0M71N,U016V6KHM36,U020A7W78FQ,ao-the-ridge,3.0,1stf,Mr. Belding,Comet,0.0
2025-07-23,2,C02B4U0M71N,U016V6KHM36,U02F2UV0MCL,ao-the-ridge,3.0,1stf,Blue Gill,Cupid,0.0
2025-07-23,2,C02B4U0M71N,U016V6KHM36,U02H51CJS30,ao-the-ridge,3.0,1stf,Pull-up,Donner,0.0
2025-07-23,2,C02B4U0M71N,U016V6KHM36,U02LGCKH24W,ao-the-ridge,3.0,1stf,Sensodyne,Prancer,0.0
2025-07-23,2,C02B4U0M71N,U016V6KHM36,U03U8N4P5G8,ao-the-ridge,3.0,1stf,Flo,Comet,0.0
2025-07-23,2,C02B4U0M71N,U016V6KHM36,U04H3PWJN5A,ao-the-ridge,3.0,1stf,Juanita,Dasher,0.0
2025-07-23,2,C02B4U0M71N,U016V6KHM36,U04H6HMNPH9,ao-the-ridge,3.0,1stf,Cinderella,Donner,0.0
2025-07-23,2,C02B4U0M71N,U016V6KHM36,U05TUKL5N87,ao-the-ridge,3.0,1stf,Zimmer,Rudolph,0.0
2025-07-23,2,C02B4U0M71N,U016V6KHM36,U071GSVM24B,ao-the-ridge,3.0,1stf,Spit Valve,Blitzen,0.0
2025-07-23,2,C02B4U0M71N,U016V6KHM36,U07LY4K586M,ao-the-ridge,3.0,1stf,Moist,Rudolph,0.0
2025-07-23,2,C017KB6LEP7,U0171K8109F,U0171K8109F,downrange,3.0,1stf,F3CrossroadsIL,Dasher,0.0
2025-07-23,2,C017KB6LEP7,U0171K8109F,U03DP9WRXJN,downrange,3.0,1stf,Backstreet,Rudolph,0.0
2025-07-23,2,C02AC8PS1T7,U01E40PTNFJ,U019MT194E7,ao-the-colosseum,3.0,1stf,Jellystone,Dancer,0.0
2025-07-23,2,C02AC8PS1T7,U01E40PTNFJ,U01E40PTNFJ,ao-the-colosseum,3.0,1stf,Bunker,Vixen,0.0
2025-07-23,2,C02AC8PS1T7,U01E40PTNFJ,U02A96W697X,ao-the-colosseum,3.0,1stf,Dauber,Donner,0.0
2025-07-23,2,C02AC8PS1T7,U01E40PTNFJ,U040R8S1N6P,ao-the-colosseum,3.0,1stf,Dilbert,Vixen,0.0
2025-07-23,2,C02AC8PS1T7,U01E40PTNFJ,U047GFQH4HL,ao-the-colosseum,3.0,1stf,Bronco,Dasher,0.0
2025-07-23,2,C02AC8PS1T7,U01E40PTNFJ,U056VUVJ63D,ao-the-colosseum,3.0,1stf,Napster,Blitzen,0.0
2025-07-23,2,C02AC8PS1T7,U01E40PTNFJ,U05C8DP6YS0,ao-the-colosseum,3.0,1stf,Algorithm,Cupid,0.0
2025-07-23,2,C02AC8PS1T7,U01E40PTNFJ,U05QJRZNQHH,ao-the-colosseum,3.0,1stf,Corner Kick,Olive,0.0
2025-07-23,2,C02AC8PS1T7,U01E40PTNFJ,U05UDL3EVGR,ao-the-colosseum,3.0,1stf,Peashooter,Comet,0.0
2025-07-23,2,C02AC8PS1T7,U01E40PTNFJ,U06H3QB4KMY,ao-the-colosseum,3.0,1stf,Mahomes,Blitzen,0.0
2025-07-23,2,C02AC8PS1T7,U01E40PTNFJ,U089QSWGZ7Z,ao-the-colosseum,3.0,1stf,Wet Bandit,Prancer,0.0
2025-07-23,2,C02AC8PS1T7,U01E40PTNFJ,U08U4PQV3DJ,ao-the-colosseum,3.0,1stf,Phoenix,Vixen,0.0
2025-07-23,2,C017KB6LEP7,U03KKAHVC8J,U03KKAHVC8J,downrange,3.0,1stf,Shawshank,Unknown Team,
2025-07-23,2,C017KB6LEP7,U03KKAHVC8J,U06A1RN2DQF,downrange,3.0,1stf,Hank Hill,Dasher,0.0
2025-07-23,2,C017KB6LEP7,U03KKAHVC8J,U08U4PQV3DJ,downrange,3.0,1stf,Phoenix,Vixen,0.0
2025-07-23,2,C05H4DHU3HC,U041T99TNTC,U041T99TNTC,2nd-f-coffeteria,0.0,none,YellowPages,Dancer,0.0
2025-07-23,2,C05H4DHU3HC,U041T99TNTC,U05H6UA0KCK,2nd-f-coffeteria,0.0,none,Trifecta,Donner,0.0
2025-07-23,2,C05H4DHU3HC,U041T99TNTC,U05LL7ESE79,2nd-f-coffeteria,0.0,none,Cutler,Vixen,0.0
2025-07-23,2,C05H4DHU3HC,U041T99TNTC,U05QD3D6ZK7,2nd-f-coffeteria,0.0,none,Caboose,Blitzen,0.0
2025-07-23,2,C05H4DHU3HC,U041T99TNTC,U06A1RN2DQF,2nd-f-coffeteria,0.0,none,Hank Hill,Dasher,0.0
2025-07-23,2,C05H4DHU3HC,U041T99TNTC,U075J9NN91N,2nd-f-coffeteria,0.0,none,Pop-Tart (F3 Outlands),Unknown Team,
2025-07-23,2,C05H4DHU3HC,U041T99TNTC,U077RQMTNG3,2nd-f-coffeteria,0.0,none,Celine Dion,Comet,0.0
2025-07-23,2,C06FH4FCF5Y,U075J9NN91N,U041T99TNTC,ao-ravens-nest,3.0,1stf,YellowPages,Dancer,0.0
2025-07-23,2,C06FH4FCF5Y,U075J9NN91N,U05H6UA0KCK,ao-ravens-nest,3.0,1stf,Trifecta,Donner,0.0
2025-07-23,2,C06FH4FCF5Y,U075J9NN91N,U05LL7ESE79,ao-ravens-nest,3.0,1stf,Cutler,Vixen,0.0
2025-07-23,2,C06FH4FCF5Y,U075J9NN91N,U05QD3D6ZK7,ao-ravens-nest,3.0,1stf,Caboose,Blitzen,0.0
2025-07-23,2,C06FH4FCF5Y,U075J9NN91N,U06A1RN2DQF,ao-ravens-nest,3.0,1stf,Hank Hill,Dasher,0.0
2025-07-23,2,C06FH4FCF5Y,U075J9NN91N,U075J9NN91N,ao-ravens-nest,3.0,1stf,Pop-Tart (F3 Outlands),Unknown Team,
2025-07-23,2,C06FH4FCF5Y,U075J9NN91N,U077RQMTNG3,ao-ravens-nest,3.0,1stf,Celine Dion,Comet,0.0
2025-07-23,2,C04P7LRFBTM,U087CHQLZ7B,U016890PYHM,ao-the-silo,3.0,1stf,Bedpan,Olive,0.0
2025-07-23,2,C04P7LRFBTM,U087CHQLZ7B,U019Y7P6XPF,ao-the-silo,3.0,1stf,Foundation,Vixen,0.0
2025-07-23,2,C04P7LRFBTM,U087CHQLZ7B,U01APFBACP8,ao-the-silo,3.0,1stf,Morticia,Donner,0.0
2025-07-23,2,C04P7LRFBTM,U087CHQLZ7B,U03SX99V3PU,ao-the-silo,3.0,1stf,Meta,Dancer,0.0
2025-07-23,2,C04P7LRFBTM,U087CHQLZ7B,U04Q01BPTPE,ao-the-silo,3.0,1stf,Olive Oyl,Comet,0.0
2025-07-23,2,C04P7LRFBTM,U087CHQLZ7B,U04RBT6T8RJ,ao-the-silo,3.0,1stf,Old Maid,Rudolph,0.0
2025-07-23,2,C04P7LRFBTM,U087CHQLZ7B,U06K8PKQGA1,ao-the-silo,3.0,1stf,Duck Hunt,Dasher,0.0
2025-07-23,2,C04P7LRFBTM,U087CHQLZ7B,U070NTWF7G8,ao-the-silo,3.0,1stf,Foghorn,Comet,0.0
2025-07-23,2,C04P7LRFBTM,U087CHQLZ7B,U07GJC6UG1Z,ao-the-silo,3.0,1stf,Celler Dweller,Cupid,0.0
2025-07-23,2,C04P7LRFBTM,U087CHQLZ7B,U087CHQLZ7B,ao-the-silo,3.0,1stf,Scratch and Dent,Prancer,0.0
2025-07-23,2,C017KB6LEP7,U0929V6HD5H,U018098KAAC,downrange,3.0,1stf,Sparkler,Comet,0.0
2025-07-23,2,C017KB6LEP7,U0929V6HD5H,U02KN9HUSE6,downrange,3.0,1stf,Soft Hands,Dasher,0.0
2025-07-23,2,C017KB6LEP7,U0929V6HD5H,U03TX17L7AQ,downrange,3.0,1stf,Foreclosure,Blitzen,0.0
2025-07-23,2,C017KB6LEP7,U0929V6HD5H,U040Y3RQPNJ,downrange,3.0,1stf,Six Sheets,Rudolph,0.0
2025-07-23,2,C017KB6LEP7,U0929V6HD5H,U0929V6HD5H,downrange,3.0,1stf,Kickflip,Olive,0.0
