user_name,Team,week,ao_list,1stf,2ndf,3rdf,ec
Derailed,Blitzen,0,,0,0,0,0
Derailed,Blitzen,1,the-grove,3,0,0,3
Derailed,Blitzen,2,,0,0,0,0
Derailed,Blitzen,3,,0,0,0,0
Derailed,Blitzen,4,,0,0,0,0
Derailed,Blitzen,5,,0,0,0,0
Derailed,Blitzen,6,,0,0,0,0
Foundation,Blitzen,0,,0,0,0,0
Foundation,Blitzen,1,,0,0,0,2
Foundation,Blitzen,2,,0,0,0,0
Foundation,Blitzen,3,,0,0,0,0
Foundation,Blitzen,4,,0,0,0,0
Foundation,Blitzen,5,,0,0,0,0
Foundation,Blitzen,6,,0,0,0,0
Gopher,Blitzen,0,the-colosseum,3,5,0,0
Gopher,Blitzen,1,the-colosseum,3,0,0,1
Gopher,Blitzen,2,,0,0,0,0
Gopher,Blitzen,3,,0,0,0,0
Gopher,Blitzen,4,,0,0,0,0
Gopher,Blitzen,5,,0,0,0,0
Gopher,Blitzen,6,,0,0,0,0
Ink Jet,Blitzen,0,,0,0,0,0
Ink Jet,Blitzen,1,,0,0,0,0
Ink Jet,Blitzen,2,,0,0,0,0
Ink Jet,Blitzen,3,,0,0,0,0
Ink Jet,Blitzen,4,,0,0,0,0
Ink Jet,Blitzen,5,,0,0,0,0
Ink Jet,Blitzen,6,,0,0,0,0
Intern,Blitzen,0,,0,0,0,0
Intern,Blitzen,1,,0,0,0,0
Intern,Blitzen,2,,0,0,0,0
Intern,Blitzen,3,,0,0,0,0
Intern,Blitzen,4,,0,0,0,0
Intern,Blitzen,5,,0,0,0,0
Intern,Blitzen,6,,0,0,0,0
Just Dance,Blitzen,0,the-colosseum,6,5,0,3
Just Dance,Blitzen,1,the-colosseum,3,0,0,3
Just Dance,Blitzen,2,,0,0,0,0
Just Dance,Blitzen,3,,0,0,0,0
Just Dance,Blitzen,4,,0,0,0,0
Just Dance,Blitzen,5,,0,0,0,0
Just Dance,Blitzen,6,,0,0,0,0
Kidney Beans,Blitzen,0,the-colosseum,3,5,0,0
Kidney Beans,Blitzen,1,the-grove,3,0,0,3
Kidney Beans,Blitzen,2,,0,0,0,0
Kidney Beans,Blitzen,3,,0,0,0,0
Kidney Beans,Blitzen,4,,0,0,0,0
Kidney Beans,Blitzen,5,,0,0,0,0
Kidney Beans,Blitzen,6,,0,0,0,0
Morticia,Blitzen,0,the-colosseum,3,5,0,0
Morticia,Blitzen,1,the-grove,3,0,0,0
Morticia,Blitzen,2,,0,0,0,0
Morticia,Blitzen,3,,0,0,0,0
Morticia,Blitzen,4,,0,0,0,0
Morticia,Blitzen,5,,0,0,0,0
Morticia,Blitzen,6,,0,0,0,0
Pee Wee Herman,Blitzen,0,the-colosseum,6,5,0,0
Pee Wee Herman,Blitzen,1,the-grove,3,0,0,0
Pee Wee Herman,Blitzen,2,,0,0,0,0
Pee Wee Herman,Blitzen,3,,0,0,0,0
Pee Wee Herman,Blitzen,4,,0,0,0,0
Pee Wee Herman,Blitzen,5,,0,0,0,0
Pee Wee Herman,Blitzen,6,,0,0,0,0
Pretzel,Blitzen,0,,0,0,0,0
Pretzel,Blitzen,1,,0,0,0,0
Pretzel,Blitzen,2,,0,0,0,0
Pretzel,Blitzen,3,,0,0,0,0
Pretzel,Blitzen,4,,0,0,0,0
Pretzel,Blitzen,5,,0,0,0,0
Pretzel,Blitzen,6,,0,0,0,0
Sailer Moon,Blitzen,0,,0,0,0,0
Sailer Moon,Blitzen,1,,0,0,0,0
Sailer Moon,Blitzen,2,,0,0,0,0
Sailer Moon,Blitzen,3,,0,0,0,0
Sailer Moon,Blitzen,4,,0,0,0,0
Sailer Moon,Blitzen,5,,0,0,0,0
Sailer Moon,Blitzen,6,,0,0,0,0
Schlitz,Blitzen,0,the-colosseum,6,5,0,0
Schlitz,Blitzen,1,the-grove,3,5,0,3
Schlitz,Blitzen,2,,0,0,0,0
Schlitz,Blitzen,3,,0,0,0,0
Schlitz,Blitzen,4,,0,0,0,0
Schlitz,Blitzen,5,,0,0,0,0
Schlitz,Blitzen,6,,0,0,0,0
Senor Frog,Blitzen,0,,0,0,0,0
Senor Frog,Blitzen,1,,0,0,0,0
Senor Frog,Blitzen,2,,0,0,0,0
Senor Frog,Blitzen,3,,0,0,0,0
Senor Frog,Blitzen,4,,0,0,0,0
Senor Frog,Blitzen,5,,0,0,0,0
Senor Frog,Blitzen,6,,0,0,0,0
SkidMark,Blitzen,0,,0,0,0,0
SkidMark,Blitzen,1,the-grove,3,0,0,2
SkidMark,Blitzen,2,,0,0,0,0
SkidMark,Blitzen,3,,0,0,0,0
SkidMark,Blitzen,4,,0,0,0,0
SkidMark,Blitzen,5,,0,0,0,0
SkidMark,Blitzen,6,,0,0,0,0
Woody,Blitzen,0,,0,0,0,0
Woody,Blitzen,1,the-grove,3,0,0,0
Woody,Blitzen,2,,0,0,0,0
Woody,Blitzen,3,,0,0,0,0
Woody,Blitzen,4,,0,0,0,0
Woody,Blitzen,5,,0,0,0,0
Woody,Blitzen,6,,0,0,0,0
Xena- Warrior Princess,Blitzen,0,the-colosseum,6,5,0,0
Xena- Warrior Princess,Blitzen,1,,0,0,0,0
Xena- Warrior Princess,Blitzen,2,,0,0,0,0
Xena- Warrior Princess,Blitzen,3,,0,0,0,0
Xena- Warrior Princess,Blitzen,4,,0,0,0,0
Xena- Warrior Princess,Blitzen,5,,0,0,0,0
Xena- Warrior Princess,Blitzen,6,,0,0,0,0
Algorithm,Comet,0,the-colosseum,6,5,0,3
Algorithm,Comet,1,the-ridge,3,5,0,0
Algorithm,Comet,2,,0,0,0,0
Algorithm,Comet,3,,0,0,0,0
Algorithm,Comet,4,,0,0,0,0
Algorithm,Comet,5,,0,0,0,0
Algorithm,Comet,6,,0,0,0,0
Bambino,Comet,0,the-colosseum,3,5,0,3
Bambino,Comet,1,,0,5,0,0
Bambino,Comet,2,,0,0,0,0
Bambino,Comet,3,,0,0,0,0
Bambino,Comet,4,,0,0,0,0
Bambino,Comet,5,,0,0,0,0
Bambino,Comet,6,,0,0,0,0
Bob Villa,Comet,0,the-colosseum,6,5,0,3
Bob Villa,Comet,1,the-grove,3,0,0,3
Bob Villa,Comet,2,,0,0,0,0
Bob Villa,Comet,3,,0,0,0,0
Bob Villa,Comet,4,,0,0,0,0
Bob Villa,Comet,5,,0,0,0,0
Bob Villa,Comet,6,,0,0,0,0
Choco Taco,Comet,0,the-colosseum,3,5,0,0
Choco Taco,Comet,1,the-ridge,3,5,0,3
Choco Taco,Comet,2,,0,0,0,0
Choco Taco,Comet,3,,0,0,0,0
Choco Taco,Comet,4,,0,0,0,0
Choco Taco,Comet,5,,0,0,0,0
Choco Taco,Comet,6,,0,0,0,0
DJ Sump Pump,Comet,0,the-colosseum,3,5,0,0
DJ Sump Pump,Comet,1,the-ridge,3,0,0,0
DJ Sump Pump,Comet,2,,0,0,0,0
DJ Sump Pump,Comet,3,,0,0,0,0
DJ Sump Pump,Comet,4,,0,0,0,0
DJ Sump Pump,Comet,5,,0,0,0,0
DJ Sump Pump,Comet,6,,0,0,0,0
Dauber,Comet,0,the-colosseum,6,5,5,3
Dauber,Comet,1,the-colosseum,3,5,0,3
Dauber,Comet,2,,0,0,0,0
Dauber,Comet,3,,0,0,0,0
Dauber,Comet,4,,0,0,0,0
Dauber,Comet,5,,0,0,0,0
Dauber,Comet,6,,0,0,0,0
Fire Hose,Comet,0,the-colosseum,3,5,5,0
Fire Hose,Comet,1,,0,0,0,0
Fire Hose,Comet,2,,0,0,0,0
Fire Hose,Comet,3,,0,0,0,0
Fire Hose,Comet,4,,0,0,0,0
Fire Hose,Comet,5,,0,0,0,0
Fire Hose,Comet,6,,0,0,0,0
Frontier,Comet,0,the-colosseum,6,5,5,3
Frontier,Comet,1,,0,5,0,0
Frontier,Comet,2,,0,0,0,0
Frontier,Comet,3,,0,0,0,0
Frontier,Comet,4,,0,0,0,0
Frontier,Comet,5,,0,0,0,0
Frontier,Comet,6,,0,0,0,0
Happy Camper,Comet,0,the-colosseum,6,5,0,0
Happy Camper,Comet,1,the-silo,3,0,0,3
Happy Camper,Comet,2,,0,0,0,0
Happy Camper,Comet,3,,0,0,0,0
Happy Camper,Comet,4,,0,0,0,0
Happy Camper,Comet,5,,0,0,0,0
Happy Camper,Comet,6,,0,0,0,0
Hatchet (Lizard Q),Comet,0,the-colosseum,6,5,0,0
Hatchet (Lizard Q),Comet,1,the-colosseum,3,0,0,3
Hatchet (Lizard Q),Comet,2,,0,0,0,0
Hatchet (Lizard Q),Comet,3,,0,0,0,0
Hatchet (Lizard Q),Comet,4,,0,0,0,0
Hatchet (Lizard Q),Comet,5,,0,0,0,0
Hatchet (Lizard Q),Comet,6,,0,0,0,0
Heifer,Comet,0,the-colosseum,6,5,0,0
Heifer,Comet,1,,0,0,0,0
Heifer,Comet,2,,0,0,0,0
Heifer,Comet,3,,0,0,0,0
Heifer,Comet,4,,0,0,0,0
Heifer,Comet,5,,0,0,0,0
Heifer,Comet,6,,0,0,0,0
Hot Lava,Comet,0,the-colosseum,6,5,5,3
Hot Lava,Comet,1,the-colosseum,3,5,0,0
Hot Lava,Comet,2,,0,0,0,0
Hot Lava,Comet,3,,0,0,0,0
Hot Lava,Comet,4,,0,0,0,0
Hot Lava,Comet,5,,0,0,0,0
Hot Lava,Comet,6,,0,0,0,0
Mahomes,Comet,0,the-colosseum,6,5,5,3
Mahomes,Comet,1,the-colosseum,3,5,0,3
Mahomes,Comet,2,,0,0,0,0
Mahomes,Comet,3,,0,0,0,0
Mahomes,Comet,4,,0,0,0,0
Mahomes,Comet,5,,0,0,0,0
Mahomes,Comet,6,,0,0,0,0
Manhole,Comet,0,the-colosseum,6,5,5,3
Manhole,Comet,1,the-colosseum,3,5,0,0
Manhole,Comet,2,,0,0,0,0
Manhole,Comet,3,,0,0,0,0
Manhole,Comet,4,,0,0,0,0
Manhole,Comet,5,,0,0,0,0
Manhole,Comet,6,,0,0,0,0
Meta,Comet,0,the-colosseum,6,5,5,3
Meta,Comet,1,the-ridge,3,5,0,3
Meta,Comet,2,,0,0,0,0
Meta,Comet,3,,0,0,0,0
Meta,Comet,4,,0,0,0,0
Meta,Comet,5,,0,0,0,0
Meta,Comet,6,,0,0,0,0
Pearl,Comet,0,the-colosseum,6,5,5,3
Pearl,Comet,1,the-ridge,3,5,0,0
Pearl,Comet,2,,0,0,0,0
Pearl,Comet,3,,0,0,0,0
Pearl,Comet,4,,0,0,0,0
Pearl,Comet,5,,0,0,0,0
Pearl,Comet,6,,0,0,0,0
Peterbilt,Comet,0,the-colosseum,6,5,0,0
Peterbilt,Comet,1,,3,0,0,0
Peterbilt,Comet,2,,0,0,0,0
Peterbilt,Comet,3,,0,0,0,0
Peterbilt,Comet,4,,0,0,0,0
Peterbilt,Comet,5,,0,0,0,0
Peterbilt,Comet,6,,0,0,0,0
Pull-up,Comet,0,the-colosseum,6,5,0,0
Pull-up,Comet,1,the-ridge,3,5,0,3
Pull-up,Comet,2,,0,0,0,0
Pull-up,Comet,3,,0,0,0,0
Pull-up,Comet,4,,0,0,0,0
Pull-up,Comet,5,,0,0,0,0
Pull-up,Comet,6,,0,0,0,0
Second Best,Comet,0,the-colosseum,3,5,0,0
Second Best,Comet,1,the-grove,3,0,0,0
Second Best,Comet,2,,0,0,0,0
Second Best,Comet,3,,0,0,0,0
Second Best,Comet,4,,0,0,0,0
Second Best,Comet,5,,0,0,0,0
Second Best,Comet,6,,0,0,0,0
Shankapotomus,Comet,0,the-colosseum,3,5,0,0
Shankapotomus,Comet,1,the-ridge,3,0,0,0
Shankapotomus,Comet,2,,0,0,0,0
Shankapotomus,Comet,3,,0,0,0,0
Shankapotomus,Comet,4,,0,0,0,0
Shankapotomus,Comet,5,,0,0,0,0
Shankapotomus,Comet,6,,0,0,0,0
Six Sheets,Comet,0,the-colosseum,6,5,0,3
Six Sheets,Comet,1,the-ridge,3,0,0,0
Six Sheets,Comet,2,,0,0,0,0
Six Sheets,Comet,3,,0,0,0,0
Six Sheets,Comet,4,,0,0,0,0
Six Sheets,Comet,5,,0,0,0,0
Six Sheets,Comet,6,,0,0,0,0
Tighty Whities,Comet,0,the-colosseum,3,5,0,0
Tighty Whities,Comet,1,,0,0,0,3
Tighty Whities,Comet,2,,0,0,0,0
Tighty Whities,Comet,3,,0,0,0,0
Tighty Whities,Comet,4,,0,0,0,0
Tighty Whities,Comet,5,,0,0,0,0
Tighty Whities,Comet,6,,0,0,0,0
Toby,Comet,0,the-colosseum,3,5,0,0
Toby,Comet,1,,0,0,0,0
Toby,Comet,2,,0,0,0,0
Toby,Comet,3,,0,0,0,0
Toby,Comet,4,,0,0,0,0
Toby,Comet,5,,0,0,0,0
Toby,Comet,6,,0,0,0,0
Wing Stop (F3 Naperville),Comet,0,the-colosseum,3,5,0,0
Wing Stop (F3 Naperville),Comet,1,,3,0,0,0
Wing Stop (F3 Naperville),Comet,2,,0,0,0,0
Wing Stop (F3 Naperville),Comet,3,,0,0,0,0
Wing Stop (F3 Naperville),Comet,4,,0,0,0,0
Wing Stop (F3 Naperville),Comet,5,,0,0,0,0
Wing Stop (F3 Naperville),Comet,6,,0,0,0,0
Bunker,Cupid,0,,0,0,0,0
Bunker,Cupid,1,the-grove,3,0,0,0
Bunker,Cupid,2,,0,0,0,0
Bunker,Cupid,3,,0,0,0,0
Bunker,Cupid,4,,0,0,0,0
Bunker,Cupid,5,,0,0,0,0
Bunker,Cupid,6,,0,0,0,0
Caboose,Cupid,0,the-colosseum,6,5,0,0
Caboose,Cupid,1,the-grove,3,5,0,0
Caboose,Cupid,2,,0,0,0,0
Caboose,Cupid,3,,0,0,0,0
Caboose,Cupid,4,,0,0,0,0
Caboose,Cupid,5,,0,0,0,0
Caboose,Cupid,6,,0,0,0,0
Candy Man,Cupid,0,the-colosseum,3,5,0,0
Candy Man,Cupid,1,,0,0,0,0
Candy Man,Cupid,2,,0,0,0,0
Candy Man,Cupid,3,,0,0,0,0
Candy Man,Cupid,4,,0,0,0,0
Candy Man,Cupid,5,,0,0,0,0
Candy Man,Cupid,6,,0,0,0,0
Double dipper,Cupid,0,the-colosseum,3,5,0,0
Double dipper,Cupid,1,,0,0,0,0
Double dipper,Cupid,2,,0,0,0,0
Double dipper,Cupid,3,,0,0,0,0
Double dipper,Cupid,4,,0,0,0,0
Double dipper,Cupid,5,,0,0,0,0
Double dipper,Cupid,6,,0,0,0,0
Duck Hunt,Cupid,0,the-colosseum,6,5,0,3
Duck Hunt,Cupid,1,the-colosseum,3,5,0,3
Duck Hunt,Cupid,2,,0,0,0,0
Duck Hunt,Cupid,3,,0,0,0,0
Duck Hunt,Cupid,4,,0,0,0,0
Duck Hunt,Cupid,5,,0,0,0,0
Duck Hunt,Cupid,6,,0,0,0,0
Great Clips,Cupid,0,,0,0,0,0
Great Clips,Cupid,1,,0,0,0,0
Great Clips,Cupid,2,,0,0,0,0
Great Clips,Cupid,3,,0,0,0,0
Great Clips,Cupid,4,,0,0,0,0
Great Clips,Cupid,5,,0,0,0,0
Great Clips,Cupid,6,,0,0,0,0
GrubX (CMW),Cupid,0,the-colosseum,3,5,0,0
GrubX (CMW),Cupid,1,,3,0,0,3
GrubX (CMW),Cupid,2,,0,0,0,0
GrubX (CMW),Cupid,3,,0,0,0,0
GrubX (CMW),Cupid,4,,0,0,0,0
GrubX (CMW),Cupid,5,,0,0,0,0
GrubX (CMW),Cupid,6,,0,0,0,0
Laces Out,Cupid,0,,0,0,0,0
Laces Out,Cupid,1,,0,0,0,0
Laces Out,Cupid,2,,0,0,0,0
Laces Out,Cupid,3,,0,0,0,0
Laces Out,Cupid,4,,0,0,0,0
Laces Out,Cupid,5,,0,0,0,0
Laces Out,Cupid,6,,0,0,0,0
Lot lizard,Cupid,0,,0,0,0,0
Lot lizard,Cupid,1,,0,0,0,0
Lot lizard,Cupid,2,,0,0,0,0
Lot lizard,Cupid,3,,0,0,0,0
Lot lizard,Cupid,4,,0,0,0,0
Lot lizard,Cupid,5,,0,0,0,0
Lot lizard,Cupid,6,,0,0,0,0
Otto Man,Cupid,0,,0,0,0,0
Otto Man,Cupid,1,,0,0,0,0
Otto Man,Cupid,2,,0,0,0,0
Otto Man,Cupid,3,,0,0,0,0
Otto Man,Cupid,4,,0,0,0,0
Otto Man,Cupid,5,,0,0,0,0
Otto Man,Cupid,6,,0,0,0,0
Picasso,Cupid,0,the-colosseum,7,5,0,0
Picasso,Cupid,1,the-colosseum,3,0,0,3
Picasso,Cupid,2,,0,0,0,0
Picasso,Cupid,3,,0,0,0,0
Picasso,Cupid,4,,0,0,0,0
Picasso,Cupid,5,,0,0,0,0
Picasso,Cupid,6,,0,0,0,0
Singer,Cupid,0,the-colosseum,6,5,0,3
Singer,Cupid,1,the-colosseum,3,0,0,3
Singer,Cupid,2,,0,0,0,0
Singer,Cupid,3,,0,0,0,0
Singer,Cupid,4,,0,0,0,0
Singer,Cupid,5,,0,0,0,0
Singer,Cupid,6,,0,0,0,0
Sizzler,Cupid,0,the-colosseum,3,5,0,0
Sizzler,Cupid,1,,0,0,0,0
Sizzler,Cupid,2,,0,0,0,0
Sizzler,Cupid,3,,0,0,0,0
Sizzler,Cupid,4,,0,0,0,0
Sizzler,Cupid,5,,0,0,0,0
Sizzler,Cupid,6,,0,0,0,0
Soft Hands,Cupid,0,the-colosseum,3,5,0,3
Soft Hands,Cupid,1,,0,0,0,0
Soft Hands,Cupid,2,,0,0,0,0
Soft Hands,Cupid,3,,0,0,0,0
Soft Hands,Cupid,4,,0,0,0,0
Soft Hands,Cupid,5,,0,0,0,0
Soft Hands,Cupid,6,,0,0,0,0
Sparkler,Cupid,0,the-colosseum,6,5,0,0
Sparkler,Cupid,1,the-colosseum,3,0,0,3
Sparkler,Cupid,2,,0,0,0,0
Sparkler,Cupid,3,,0,0,0,0
Sparkler,Cupid,4,,0,0,0,0
Sparkler,Cupid,5,,0,0,0,0
Sparkler,Cupid,6,,0,0,0,0
Spike Horn,Cupid,0,the-colosseum,3,5,0,3
Spike Horn,Cupid,1,,0,0,0,0
Spike Horn,Cupid,2,,0,0,0,0
Spike Horn,Cupid,3,,0,0,0,0
Spike Horn,Cupid,4,,0,0,0,0
Spike Horn,Cupid,5,,0,0,0,0
Spike Horn,Cupid,6,,0,0,0,0
Spirit,Cupid,0,,0,0,0,0
Spirit,Cupid,1,,0,0,0,0
Spirit,Cupid,2,,0,0,0,0
Spirit,Cupid,3,,0,0,0,0
Spirit,Cupid,4,,0,0,0,0
Spirit,Cupid,5,,0,0,0,0
Spirit,Cupid,6,,0,0,0,0
Ball boy,Dancer,0,,0,0,0,0
Ball boy,Dancer,1,,0,0,0,0
Ball boy,Dancer,2,,0,0,0,0
Ball boy,Dancer,3,,0,0,0,0
Ball boy,Dancer,4,,0,0,0,0
Ball boy,Dancer,5,,0,0,0,0
Ball boy,Dancer,6,,0,0,0,0
Bill Nye,Dancer,0,,0,0,0,0
Bill Nye,Dancer,1,,0,0,0,0
Bill Nye,Dancer,2,,0,0,0,0
Bill Nye,Dancer,3,,0,0,0,0
Bill Nye,Dancer,4,,0,0,0,0
Bill Nye,Dancer,5,,0,0,0,0
Bill Nye,Dancer,6,,0,0,0,0
Boston Butt,Dancer,0,the-colosseum,3,5,0,0
Boston Butt,Dancer,1,,0,0,0,0
Boston Butt,Dancer,2,,0,0,0,0
Boston Butt,Dancer,3,,0,0,0,0
Boston Butt,Dancer,4,,0,0,0,0
Boston Butt,Dancer,5,,0,0,0,0
Boston Butt,Dancer,6,,0,0,0,0
Cinderella,Dancer,0,the-colosseum,3,5,0,3
Cinderella,Dancer,1,the-colosseum,3,0,0,3
Cinderella,Dancer,2,,0,0,0,0
Cinderella,Dancer,3,,0,0,0,0
Cinderella,Dancer,4,,0,0,0,0
Cinderella,Dancer,5,,0,0,0,0
Cinderella,Dancer,6,,0,0,0,0
Cutler,Dancer,0,the-colosseum,6,5,0,3
Cutler,Dancer,1,the-ridge,3,0,0,3
Cutler,Dancer,2,,0,0,0,0
Cutler,Dancer,3,,0,0,0,0
Cutler,Dancer,4,,0,0,0,0
Cutler,Dancer,5,,0,0,0,0
Cutler,Dancer,6,,0,0,0,0
Dear Abby,Dancer,0,the-colosseum,6,5,0,3
Dear Abby,Dancer,1,the-ridge,3,5,0,3
Dear Abby,Dancer,2,,0,0,0,0
Dear Abby,Dancer,3,,0,0,0,0
Dear Abby,Dancer,4,,0,0,0,0
Dear Abby,Dancer,5,,0,0,0,0
Dear Abby,Dancer,6,,0,0,0,0
Foghorn,Dancer,0,the-colosseum,6,5,0,3
Foghorn,Dancer,1,the-ridge,3,5,0,3
Foghorn,Dancer,2,,0,0,0,0
Foghorn,Dancer,3,,0,0,0,0
Foghorn,Dancer,4,,0,0,0,0
Foghorn,Dancer,5,,0,0,0,0
Foghorn,Dancer,6,,0,0,0,0
Hodl,Dancer,0,the-colosseum,6,5,0,3
Hodl,Dancer,1,the-ridge,3,5,0,3
Hodl,Dancer,2,,0,0,0,0
Hodl,Dancer,3,,0,0,0,0
Hodl,Dancer,4,,0,0,0,0
Hodl,Dancer,5,,0,0,0,0
Hodl,Dancer,6,,0,0,0,0
Ozark,Dancer,0,,0,0,0,0
Ozark,Dancer,1,,0,0,0,0
Ozark,Dancer,2,,0,0,0,0
Ozark,Dancer,3,,0,0,0,0
Ozark,Dancer,4,,0,0,0,0
Ozark,Dancer,5,,0,0,0,0
Ozark,Dancer,6,,0,0,0,0
Party in a bottle,Dancer,0,the-colosseum,6,5,0,3
Party in a bottle,Dancer,1,,0,5,0,0
Party in a bottle,Dancer,2,,0,0,0,0
Party in a bottle,Dancer,3,,0,0,0,0
Party in a bottle,Dancer,4,,0,0,0,0
Party in a bottle,Dancer,5,,0,0,0,0
Party in a bottle,Dancer,6,,0,0,0,0
Phoenix,Dancer,0,the-colosseum,3,5,0,0
Phoenix,Dancer,1,,0,0,0,0
Phoenix,Dancer,2,,0,0,0,0
Phoenix,Dancer,3,,0,0,0,0
Phoenix,Dancer,4,,0,0,0,0
Phoenix,Dancer,5,,0,0,0,0
Phoenix,Dancer,6,,0,0,0,0
Pop-Tart,Dancer,0,the-colosseum,6,5,0,0
Pop-Tart,Dancer,1,the-ridge,3,5,0,1
Pop-Tart,Dancer,2,,0,0,0,0
Pop-Tart,Dancer,3,,0,0,0,0
Pop-Tart,Dancer,4,,0,0,0,0
Pop-Tart,Dancer,5,,0,0,0,0
Pop-Tart,Dancer,6,,0,0,0,0
Ricochet,Dancer,0,the-colosseum,6,5,0,3
Ricochet,Dancer,1,the-ridge,3,0,0,3
Ricochet,Dancer,2,,0,0,0,0
Ricochet,Dancer,3,,0,0,0,0
Ricochet,Dancer,4,,0,0,0,0
Ricochet,Dancer,5,,0,0,0,0
Ricochet,Dancer,6,,0,0,0,0
Safety Meeting,Dancer,0,,0,0,0,0
Safety Meeting,Dancer,1,,0,0,0,0
Safety Meeting,Dancer,2,,0,0,0,0
Safety Meeting,Dancer,3,,0,0,0,0
Safety Meeting,Dancer,4,,0,0,0,0
Safety Meeting,Dancer,5,,0,0,0,0
Safety Meeting,Dancer,6,,0,0,0,0
Sparky,Dancer,0,the-colosseum,6,5,5,3
Sparky,Dancer,1,,0,5,0,0
Sparky,Dancer,2,,0,0,0,0
Sparky,Dancer,3,,0,0,0,0
Sparky,Dancer,4,,0,0,0,0
Sparky,Dancer,5,,0,0,0,0
Sparky,Dancer,6,,0,0,0,0
Thesaurus,Dancer,0,the-colosseum,3,5,0,0
Thesaurus,Dancer,1,,0,0,0,0
Thesaurus,Dancer,2,,0,0,0,0
Thesaurus,Dancer,3,,0,0,0,0
Thesaurus,Dancer,4,,0,0,0,0
Thesaurus,Dancer,5,,0,0,0,0
Thesaurus,Dancer,6,,0,0,0,0
TruGreen,Dancer,0,the-colosseum,6,5,0,0
TruGreen,Dancer,1,the-ridge,3,0,0,0
TruGreen,Dancer,2,,0,0,0,0
TruGreen,Dancer,3,,0,0,0,0
TruGreen,Dancer,4,,0,0,0,0
TruGreen,Dancer,5,,0,0,0,0
TruGreen,Dancer,6,,0,0,0,0
BABYMOMMA,Dasher,0,,0,0,0,0
BABYMOMMA,Dasher,1,,0,0,0,0
BABYMOMMA,Dasher,2,,0,0,0,0
BABYMOMMA,Dasher,3,,0,0,0,0
BABYMOMMA,Dasher,4,,0,0,0,0
BABYMOMMA,Dasher,5,,0,0,0,0
BABYMOMMA,Dasher,6,,0,0,0,0
Dog House,Dasher,0,the-colosseum,7,5,0,0
Dog House,Dasher,1,,0,0,0,0
Dog House,Dasher,2,,0,0,0,0
Dog House,Dasher,3,,0,0,0,0
Dog House,Dasher,4,,0,0,0,0
Dog House,Dasher,5,,0,0,0,0
Dog House,Dasher,6,,0,0,0,0
Doozie,Dasher,0,the-colosseum,6,5,0,3
Doozie,Dasher,1,,0,5,0,3
Doozie,Dasher,2,,0,0,0,0
Doozie,Dasher,3,,0,0,0,0
Doozie,Dasher,4,,0,0,0,0
Doozie,Dasher,5,,0,0,0,0
Doozie,Dasher,6,,0,0,0,0
Drive By,Dasher,0,,0,0,0,0
Drive By,Dasher,1,,0,0,0,0
Drive By,Dasher,2,,0,0,0,0
Drive By,Dasher,3,,0,0,0,0
Drive By,Dasher,4,,0,0,0,0
Drive By,Dasher,5,,0,0,0,0
Drive By,Dasher,6,,0,0,0,0
Grinch,Dasher,0,,0,0,0,0
Grinch,Dasher,1,,0,0,0,0
Grinch,Dasher,2,,0,0,0,0
Grinch,Dasher,3,,0,0,0,0
Grinch,Dasher,4,,0,0,0,0
Grinch,Dasher,5,,0,0,0,0
Grinch,Dasher,6,,0,0,0,0
Jellystone,Dasher,0,the-colosseum,6,5,0,3
Jellystone,Dasher,1,the-silo,3,5,0,3
Jellystone,Dasher,2,,0,0,0,0
Jellystone,Dasher,3,,0,0,0,0
Jellystone,Dasher,4,,0,0,0,0
Jellystone,Dasher,5,,0,0,0,0
Jellystone,Dasher,6,,0,0,0,0
LaRussa,Dasher,0,the-colosseum,3,5,0,0
LaRussa,Dasher,1,,0,0,0,3
LaRussa,Dasher,2,,0,0,0,0
LaRussa,Dasher,3,,0,0,0,0
LaRussa,Dasher,4,,0,0,0,0
LaRussa,Dasher,5,,0,0,0,0
LaRussa,Dasher,6,,0,0,0,0
Norm,Dasher,0,the-colosseum,6,5,0,3
Norm,Dasher,1,,0,0,0,3
Norm,Dasher,2,,0,0,0,0
Norm,Dasher,3,,0,0,0,0
Norm,Dasher,4,,0,0,0,0
Norm,Dasher,5,,0,0,0,0
Norm,Dasher,6,,0,0,0,0
Old Maid,Dasher,0,the-colosseum,6,5,0,0
Old Maid,Dasher,1,the-silo,3,5,0,3
Old Maid,Dasher,2,,0,0,0,0
Old Maid,Dasher,3,,0,0,0,0
Old Maid,Dasher,4,,0,0,0,0
Old Maid,Dasher,5,,0,0,0,0
Old Maid,Dasher,6,,0,0,0,0
Olive Oyl,Dasher,0,the-colosseum,6,0,0,0
Olive Oyl,Dasher,1,the-silo,3,5,0,0
Olive Oyl,Dasher,2,,0,0,0,0
Olive Oyl,Dasher,3,,0,0,0,0
Olive Oyl,Dasher,4,,0,0,0,0
Olive Oyl,Dasher,5,,0,0,0,0
Olive Oyl,Dasher,6,,0,0,0,0
Rooney,Dasher,0,,0,0,0,0
Rooney,Dasher,1,,0,0,0,3
Rooney,Dasher,2,,0,0,0,0
Rooney,Dasher,3,,0,0,0,0
Rooney,Dasher,4,,0,0,0,0
Rooney,Dasher,5,,0,0,0,0
Rooney,Dasher,6,,0,0,0,0
Scat,Dasher,0,,0,0,0,0
Scat,Dasher,1,,0,0,0,0
Scat,Dasher,2,,0,0,0,0
Scat,Dasher,3,,0,0,0,0
Scat,Dasher,4,,0,0,0,0
Scat,Dasher,5,,0,0,0,0
Scat,Dasher,6,,0,0,0,0
Scratch and Dent,Dasher,0,the-colosseum,6,5,0,3
Scratch and Dent,Dasher,1,the-silo,3,5,0,3
Scratch and Dent,Dasher,2,,0,0,0,0
Scratch and Dent,Dasher,3,,0,0,0,0
Scratch and Dent,Dasher,4,,0,0,0,0
Scratch and Dent,Dasher,5,,0,0,0,0
Scratch and Dent,Dasher,6,,0,0,0,0
Trifecta,Dasher,0,the-colosseum,3,5,0,3
Trifecta,Dasher,1,,0,0,0,0
Trifecta,Dasher,2,,0,0,0,0
Trifecta,Dasher,3,,0,0,0,0
Trifecta,Dasher,4,,0,0,0,0
Trifecta,Dasher,5,,0,0,0,0
Trifecta,Dasher,6,,0,0,0,0
UPS,Dasher,0,the-colosseum,6,5,0,0
UPS,Dasher,1,the-silo,3,0,0,3
UPS,Dasher,2,,0,0,0,0
UPS,Dasher,3,,0,0,0,0
UPS,Dasher,4,,0,0,0,0
UPS,Dasher,5,,0,0,0,0
UPS,Dasher,6,,0,0,0,0
Zimmer,Dasher,0,the-colosseum,6,5,0,3
Zimmer,Dasher,1,the-silo,3,0,0,0
Zimmer,Dasher,2,,0,0,0,0
Zimmer,Dasher,3,,0,0,0,0
Zimmer,Dasher,4,,0,0,0,0
Zimmer,Dasher,5,,0,0,0,0
Zimmer,Dasher,6,,0,0,0,0
Bedpan,Donner,0,the-colosseum,3,5,0,0
Bedpan,Donner,1,the-grove,3,5,0,2
Bedpan,Donner,2,,0,0,0,0
Bedpan,Donner,3,,0,0,0,0
Bedpan,Donner,4,,0,0,0,0
Bedpan,Donner,5,,0,0,0,0
Bedpan,Donner,6,,0,0,0,0
Celler Dweller,Donner,0,the-colosseum,3,5,0,0
Celler Dweller,Donner,1,the-grove,3,5,0,2
Celler Dweller,Donner,2,,0,0,0,0
Celler Dweller,Donner,3,,0,0,0,0
Celler Dweller,Donner,4,,0,0,0,0
Celler Dweller,Donner,5,,0,0,0,0
Celler Dweller,Donner,6,,0,0,0,0
Chum Bucket,Donner,0,the-colosseum,6,5,5,0
Chum Bucket,Donner,1,the-grove,3,0,0,3
Chum Bucket,Donner,2,,0,0,0,0
Chum Bucket,Donner,3,,0,0,0,0
Chum Bucket,Donner,4,,0,0,0,0
Chum Bucket,Donner,5,,0,0,0,0
Chum Bucket,Donner,6,,0,0,0,0
Corner Kick,Donner,0,the-colosseum,6,5,0,0
Corner Kick,Donner,1,the-grove,3,0,0,2
Corner Kick,Donner,2,,0,0,0,0
Corner Kick,Donner,3,,0,0,0,0
Corner Kick,Donner,4,,0,0,0,0
Corner Kick,Donner,5,,0,0,0,0
Corner Kick,Donner,6,,0,0,0,0
HGTV,Donner,0,,0,0,0,0
HGTV,Donner,1,,0,0,0,0
HGTV,Donner,2,,0,0,0,0
HGTV,Donner,3,,0,0,0,0
HGTV,Donner,4,,0,0,0,0
HGTV,Donner,5,,0,0,0,0
HGTV,Donner,6,,0,0,0,0
Hanger,Donner,0,the-colosseum,3,5,0,0
Hanger,Donner,1,the-grove,3,5,0,3
Hanger,Donner,2,,0,0,0,0
Hanger,Donner,3,,0,0,0,0
Hanger,Donner,4,,0,0,0,0
Hanger,Donner,5,,0,0,0,0
Hanger,Donner,6,,0,0,0,0
John Denver,Donner,0,the-colosseum,3,5,0,0
John Denver,Donner,1,the-grove,3,0,0,3
John Denver,Donner,2,,0,0,0,0
John Denver,Donner,3,,0,0,0,0
John Denver,Donner,4,,0,0,0,0
John Denver,Donner,5,,0,0,0,0
John Denver,Donner,6,,0,0,0,0
Juanita,Donner,0,the-colosseum,6,5,0,0
Juanita,Donner,1,the-grove,3,0,0,3
Juanita,Donner,2,,0,0,0,0
Juanita,Donner,3,,0,0,0,0
Juanita,Donner,4,,0,0,0,0
Juanita,Donner,5,,0,0,0,0
Juanita,Donner,6,,0,0,0,0
Large Marge,Donner,0,,0,0,0,0
Large Marge,Donner,1,,0,0,0,0
Large Marge,Donner,2,,0,0,0,0
Large Marge,Donner,3,,0,0,0,0
Large Marge,Donner,4,,0,0,0,0
Large Marge,Donner,5,,0,0,0,0
Large Marge,Donner,6,,0,0,0,0
Moist,Donner,0,the-colosseum,6,5,0,3
Moist,Donner,1,the-grove,3,0,0,3
Moist,Donner,2,,0,0,0,0
Moist,Donner,3,,0,0,0,0
Moist,Donner,4,,0,0,0,0
Moist,Donner,5,,0,0,0,0
Moist,Donner,6,,0,0,0,0
Mr. Belding,Donner,0,the-colosseum,3,5,0,3
Mr. Belding,Donner,1,,0,0,0,0
Mr. Belding,Donner,2,,0,0,0,0
Mr. Belding,Donner,3,,0,0,0,0
Mr. Belding,Donner,4,,0,0,0,0
Mr. Belding,Donner,5,,0,0,0,0
Mr. Belding,Donner,6,,0,0,0,0
Mr. Kotter,Donner,0,the-colosseum,6,5,0,0
Mr. Kotter,Donner,1,the-grove,3,0,0,3
Mr. Kotter,Donner,2,,0,0,0,0
Mr. Kotter,Donner,3,,0,0,0,0
Mr. Kotter,Donner,4,,0,0,0,0
Mr. Kotter,Donner,5,,0,0,0,0
Mr. Kotter,Donner,6,,0,0,0,0
Peashooter,Donner,0,,0,0,0,0
Peashooter,Donner,1,the-grove,3,0,0,3
Peashooter,Donner,2,,0,0,0,0
Peashooter,Donner,3,,0,0,0,0
Peashooter,Donner,4,,0,0,0,0
Peashooter,Donner,5,,0,0,0,0
Peashooter,Donner,6,,0,0,0,0
Storm Chaser,Donner,0,the-colosseum,7,5,0,0
Storm Chaser,Donner,1,,6,0,0,3
Storm Chaser,Donner,2,,0,0,0,0
Storm Chaser,Donner,3,,0,0,0,0
Storm Chaser,Donner,4,,0,0,0,0
Storm Chaser,Donner,5,,0,0,0,0
Storm Chaser,Donner,6,,0,0,0,0
Trickle,Donner,0,the-colosseum,3,5,0,0
Trickle,Donner,1,the-ridge,3,0,0,0
Trickle,Donner,2,,0,0,0,0
Trickle,Donner,3,,0,0,0,0
Trickle,Donner,4,,0,0,0,0
Trickle,Donner,5,,0,0,0,0
Trickle,Donner,6,,0,0,0,0
fuzzy navel,Donner,0,the-colosseum,6,5,5,0
fuzzy navel,Donner,1,,0,5,0,0
fuzzy navel,Donner,2,,0,0,0,0
fuzzy navel,Donner,3,,0,0,0,0
fuzzy navel,Donner,4,,0,0,0,0
fuzzy navel,Donner,5,,0,0,0,0
fuzzy navel,Donner,6,,0,0,0,0
Boomer,Prancer,0,the-colosseum,6,5,0,3
Boomer,Prancer,1,,0,0,0,0
Boomer,Prancer,2,,0,0,0,0
Boomer,Prancer,3,,0,0,0,0
Boomer,Prancer,4,,0,0,0,0
Boomer,Prancer,5,,0,0,0,0
Boomer,Prancer,6,,0,0,0,0
Deliverance,Prancer,0,the-colosseum,3,5,0,0
Deliverance,Prancer,1,the-grove,3,5,0,0
Deliverance,Prancer,2,,0,0,0,0
Deliverance,Prancer,3,,0,0,0,0
Deliverance,Prancer,4,,0,0,0,0
Deliverance,Prancer,5,,0,0,0,0
Deliverance,Prancer,6,,0,0,0,0
Depends (3rdF Q),Prancer,0,the-colosseum,6,5,0,3
Depends (3rdF Q),Prancer,1,the-grove,3,0,0,3
Depends (3rdF Q),Prancer,2,,0,0,0,0
Depends (3rdF Q),Prancer,3,,0,0,0,0
Depends (3rdF Q),Prancer,4,,0,0,0,0
Depends (3rdF Q),Prancer,5,,0,0,0,0
Depends (3rdF Q),Prancer,6,,0,0,0,0
Dilbert,Prancer,0,the-colosseum,3,5,0,0
Dilbert,Prancer,1,the-grove,3,0,0,3
Dilbert,Prancer,2,,0,0,0,0
Dilbert,Prancer,3,,0,0,0,0
Dilbert,Prancer,4,,0,0,0,0
Dilbert,Prancer,5,,0,0,0,0
Dilbert,Prancer,6,,0,0,0,0
Flo,Prancer,0,the-colosseum,3,0,0,0
Flo,Prancer,1,the-grove,3,0,0,2
Flo,Prancer,2,,0,0,0,0
Flo,Prancer,3,,0,0,0,0
Flo,Prancer,4,,0,0,0,0
Flo,Prancer,5,,0,0,0,0
Flo,Prancer,6,,0,0,0,0
Glass Slipper,Prancer,0,the-colosseum,3,5,0,0
Glass Slipper,Prancer,1,,0,0,0,0
Glass Slipper,Prancer,2,,0,0,0,0
Glass Slipper,Prancer,3,,0,0,0,0
Glass Slipper,Prancer,4,,0,0,0,0
Glass Slipper,Prancer,5,,0,0,0,0
Glass Slipper,Prancer,6,,0,0,0,0
Hank Hill,Prancer,0,the-colosseum,6,5,0,3
Hank Hill,Prancer,1,the-grove,3,5,0,3
Hank Hill,Prancer,2,,0,0,0,0
Hank Hill,Prancer,3,,0,0,0,0
Hank Hill,Prancer,4,,0,0,0,0
Hank Hill,Prancer,5,,0,0,0,0
Hank Hill,Prancer,6,,0,0,0,0
Hot Boxx,Prancer,0,,0,0,0,0
Hot Boxx,Prancer,1,,0,5,0,0
Hot Boxx,Prancer,2,,0,0,0,0
Hot Boxx,Prancer,3,,0,0,0,0
Hot Boxx,Prancer,4,,0,0,0,0
Hot Boxx,Prancer,5,,0,0,0,0
Hot Boxx,Prancer,6,,0,0,0,0
Liberty Biberty,Prancer,0,the-colosseum,6,5,0,3
Liberty Biberty,Prancer,1,the-grove,3,0,0,3
Liberty Biberty,Prancer,2,,0,0,0,0
Liberty Biberty,Prancer,3,,0,0,0,0
Liberty Biberty,Prancer,4,,0,0,0,0
Liberty Biberty,Prancer,5,,0,0,0,0
Liberty Biberty,Prancer,6,,0,0,0,0
Nemo,Prancer,0,the-colosseum,6,5,0,3
Nemo,Prancer,1,the-grove,3,5,0,3
Nemo,Prancer,2,,0,0,0,0
Nemo,Prancer,3,,0,0,0,0
Nemo,Prancer,4,,0,0,0,0
Nemo,Prancer,5,,0,0,0,0
Nemo,Prancer,6,,0,0,0,0
PFG,Prancer,0,the-colosseum,3,5,0,0
PFG,Prancer,1,,3,0,0,0
PFG,Prancer,2,,0,0,0,0
PFG,Prancer,3,,0,0,0,0
PFG,Prancer,4,,0,0,0,0
PFG,Prancer,5,,0,0,0,0
PFG,Prancer,6,,0,0,0,0
Sensodyne,Prancer,0,,0,0,0,0
Sensodyne,Prancer,1,the-colosseum,3,0,0,1
Sensodyne,Prancer,2,,0,0,0,0
Sensodyne,Prancer,3,,0,0,0,0
Sensodyne,Prancer,4,,0,0,0,0
Sensodyne,Prancer,5,,0,0,0,0
Sensodyne,Prancer,6,,0,0,0,0
Slinky,Prancer,0,the-colosseum,3,0,0,0
Slinky,Prancer,1,the-grove,3,0,0,3
Slinky,Prancer,2,,0,0,0,0
Slinky,Prancer,3,,0,0,0,0
Slinky,Prancer,4,,0,0,0,0
Slinky,Prancer,5,,0,0,0,0
Slinky,Prancer,6,,0,0,0,0
Sloppy Joe,Prancer,0,,0,0,0,0
Sloppy Joe,Prancer,1,,0,0,0,0
Sloppy Joe,Prancer,2,,0,0,0,0
Sloppy Joe,Prancer,3,,0,0,0,0
Sloppy Joe,Prancer,4,,0,0,0,0
Sloppy Joe,Prancer,5,,0,0,0,0
Sloppy Joe,Prancer,6,,0,0,0,0
Spit Valve,Prancer,0,the-colosseum,6,5,0,3
Spit Valve,Prancer,1,the-grove,3,5,0,3
Spit Valve,Prancer,2,,0,0,0,0
Spit Valve,Prancer,3,,0,0,0,0
Spit Valve,Prancer,4,,0,0,0,0
Spit Valve,Prancer,5,,0,0,0,0
Spit Valve,Prancer,6,,0,0,0,0
The Worm,Prancer,0,the-colosseum,3,5,0,0
The Worm,Prancer,1,the-grove,3,0,0,2
The Worm,Prancer,2,,0,0,0,0
The Worm,Prancer,3,,0,0,0,0
The Worm,Prancer,4,,0,0,0,0
The Worm,Prancer,5,,0,0,0,0
The Worm,Prancer,6,,0,0,0,0
Tinfoil,Prancer,0,the-colosseum,6,5,0,3
Tinfoil,Prancer,1,,0,0,0,0
Tinfoil,Prancer,2,,0,0,0,0
Tinfoil,Prancer,3,,0,0,0,0
Tinfoil,Prancer,4,,0,0,0,0
Tinfoil,Prancer,5,,0,0,0,0
Tinfoil,Prancer,6,,0,0,0,0
Wet Bandit,Prancer,0,,0,0,0,0
Wet Bandit,Prancer,1,,0,0,0,0
Wet Bandit,Prancer,2,,0,0,0,0
Wet Bandit,Prancer,3,,0,0,0,0
Wet Bandit,Prancer,4,,0,0,0,0
Wet Bandit,Prancer,5,,0,0,0,0
Wet Bandit,Prancer,6,,0,0,0,0
YellowPages,Prancer,0,the-colosseum,6,5,0,0
YellowPages,Prancer,1,the-grove,3,0,0,2
YellowPages,Prancer,2,,0,0,0,0
YellowPages,Prancer,3,,0,0,0,0
YellowPages,Prancer,4,,0,0,0,0
YellowPages,Prancer,5,,0,0,0,0
YellowPages,Prancer,6,,0,0,0,0
Backstreet,Rudolph,0,the-colosseum,3,5,0,0
Backstreet,Rudolph,1,,0,0,0,0
Backstreet,Rudolph,2,,0,0,0,0
Backstreet,Rudolph,3,,0,0,0,0
Backstreet,Rudolph,4,,0,0,0,0
Backstreet,Rudolph,5,,0,0,0,0
Backstreet,Rudolph,6,,0,0,0,0
BoilerUp,Rudolph,0,,0,0,0,0
BoilerUp,Rudolph,1,the-colosseum,3,0,0,1
BoilerUp,Rudolph,2,,0,0,0,0
BoilerUp,Rudolph,3,,0,0,0,0
BoilerUp,Rudolph,4,,0,0,0,0
BoilerUp,Rudolph,5,,0,0,0,0
BoilerUp,Rudolph,6,,0,0,0,0
Celine Dion,Rudolph,0,the-colosseum,3,5,0,0
Celine Dion,Rudolph,1,,0,0,0,0
Celine Dion,Rudolph,2,,0,0,0,0
Celine Dion,Rudolph,3,,0,0,0,0
Celine Dion,Rudolph,4,,0,0,0,0
Celine Dion,Rudolph,5,,0,0,0,0
Celine Dion,Rudolph,6,,0,0,0,0
Cowbell,Rudolph,0,,0,0,0,0
Cowbell,Rudolph,1,,0,0,0,0
Cowbell,Rudolph,2,,0,0,0,0
Cowbell,Rudolph,3,,0,0,0,0
Cowbell,Rudolph,4,,0,0,0,0
Cowbell,Rudolph,5,,0,0,0,0
Cowbell,Rudolph,6,,0,0,0,0
Folgers,Rudolph,0,the-colosseum,3,5,0,0
Folgers,Rudolph,1,,0,0,0,0
Folgers,Rudolph,2,,0,0,0,0
Folgers,Rudolph,3,,0,0,0,0
Folgers,Rudolph,4,,0,0,0,0
Folgers,Rudolph,5,,0,0,0,0
Folgers,Rudolph,6,,0,0,0,0
Foreclosure,Rudolph,0,the-colosseum,6,5,0,3
Foreclosure,Rudolph,1,the-colosseum,3,0,0,3
Foreclosure,Rudolph,2,,0,0,0,0
Foreclosure,Rudolph,3,,0,0,0,0
Foreclosure,Rudolph,4,,0,0,0,0
Foreclosure,Rudolph,5,,0,0,0,0
Foreclosure,Rudolph,6,,0,0,0,0
Homer Simpson,Rudolph,0,,0,0,0,0
Homer Simpson,Rudolph,1,,0,0,0,0
Homer Simpson,Rudolph,2,,0,0,0,0
Homer Simpson,Rudolph,3,,0,0,0,0
Homer Simpson,Rudolph,4,,0,0,0,0
Homer Simpson,Rudolph,5,,0,0,0,0
Homer Simpson,Rudolph,6,,0,0,0,0
Italian Ice,Rudolph,0,the-colosseum,3,5,0,0
Italian Ice,Rudolph,1,,3,0,0,0
Italian Ice,Rudolph,2,,0,0,0,0
Italian Ice,Rudolph,3,,0,0,0,0
Italian Ice,Rudolph,4,,0,0,0,0
Italian Ice,Rudolph,5,,0,0,0,0
Italian Ice,Rudolph,6,,0,0,0,0
Mapquest,Rudolph,0,,0,0,0,0
Mapquest,Rudolph,1,,0,0,0,0
Mapquest,Rudolph,2,,0,0,0,0
Mapquest,Rudolph,3,,0,0,0,0
Mapquest,Rudolph,4,,0,0,0,0
Mapquest,Rudolph,5,,0,0,0,0
Mapquest,Rudolph,6,,0,0,0,0
Napster,Rudolph,0,the-colosseum,6,5,0,3
Napster,Rudolph,1,the-grove,3,5,0,3
Napster,Rudolph,2,,0,0,0,0
Napster,Rudolph,3,,0,0,0,0
Napster,Rudolph,4,,0,0,0,0
Napster,Rudolph,5,,0,0,0,0
Napster,Rudolph,6,,0,0,0,0
Nickelback,Rudolph,0,the-colosseum,3,5,0,0
Nickelback,Rudolph,1,,0,0,0,0
Nickelback,Rudolph,2,,0,0,0,0
Nickelback,Rudolph,3,,0,0,0,0
Nickelback,Rudolph,4,,0,0,0,0
Nickelback,Rudolph,5,,0,0,0,0
Nickelback,Rudolph,6,,0,0,0,0
Ricola,Rudolph,0,the-colosseum,6,5,0,0
Ricola,Rudolph,1,,6,0,0,3
Ricola,Rudolph,2,,0,0,0,0
Ricola,Rudolph,3,,0,0,0,0
Ricola,Rudolph,4,,0,0,0,0
Ricola,Rudolph,5,,0,0,0,0
Ricola,Rudolph,6,,0,0,0,0
Ringo,Rudolph,0,the-colosseum,3,5,0,0
Ringo,Rudolph,1,the-grove,3,5,0,0
Ringo,Rudolph,2,,0,0,0,0
Ringo,Rudolph,3,,0,0,0,0
Ringo,Rudolph,4,,0,0,0,0
Ringo,Rudolph,5,,0,0,0,0
Ringo,Rudolph,6,,0,0,0,0
Slapshot,Rudolph,0,the-colosseum,3,5,0,0
Slapshot,Rudolph,1,,0,0,0,0
Slapshot,Rudolph,2,,0,0,0,0
Slapshot,Rudolph,3,,0,0,0,0
Slapshot,Rudolph,4,,0,0,0,0
Slapshot,Rudolph,5,,0,0,0,0
Slapshot,Rudolph,6,,0,0,0,0
Spud,Rudolph,0,,0,0,0,0
Spud,Rudolph,1,,0,0,0,0
Spud,Rudolph,2,,0,0,0,0
Spud,Rudolph,3,,0,0,0,0
Spud,Rudolph,4,,0,0,0,0
Spud,Rudolph,5,,0,0,0,0
Spud,Rudolph,6,,0,0,0,0
Underdog,Rudolph,0,the-colosseum,6,5,0,0
Underdog,Rudolph,1,,6,0,0,3
Underdog,Rudolph,2,,0,0,0,0
Underdog,Rudolph,3,,0,0,0,0
Underdog,Rudolph,4,,0,0,0,0
Underdog,Rudolph,5,,0,0,0,0
Underdog,Rudolph,6,,0,0,0,0
5-Putt,Vixen,0,the-colosseum,3,5,0,0
5-Putt,Vixen,1,,0,0,0,0
5-Putt,Vixen,2,,0,0,0,0
5-Putt,Vixen,3,,0,0,0,0
5-Putt,Vixen,4,,0,0,0,0
5-Putt,Vixen,5,,0,0,0,0
5-Putt,Vixen,6,,0,0,0,0
Blue Gill,Vixen,0,the-colosseum,6,5,0,0
Blue Gill,Vixen,1,the-silo,3,0,0,3
Blue Gill,Vixen,2,,0,0,0,0
Blue Gill,Vixen,3,,0,0,0,0
Blue Gill,Vixen,4,,0,0,0,0
Blue Gill,Vixen,5,,0,0,0,0
Blue Gill,Vixen,6,,0,0,0,0
Broomstick,Vixen,0,,0,0,0,3
Broomstick,Vixen,1,the-silo,3,0,0,3
Broomstick,Vixen,2,,0,0,0,0
Broomstick,Vixen,3,,0,0,0,0
Broomstick,Vixen,4,,0,0,0,0
Broomstick,Vixen,5,,0,0,0,0
Broomstick,Vixen,6,,0,0,0,0
Den Mother,Vixen,0,,0,0,0,0
Den Mother,Vixen,1,,0,0,0,0
Den Mother,Vixen,2,,0,0,0,0
Den Mother,Vixen,3,,0,0,0,0
Den Mother,Vixen,4,,0,0,0,0
Den Mother,Vixen,5,,0,0,0,0
Den Mother,Vixen,6,,0,0,0,0
Dilly Dilly,Vixen,0,the-colosseum,3,5,0,0
Dilly Dilly,Vixen,1,the-silo,3,0,0,3
Dilly Dilly,Vixen,2,,0,0,0,0
Dilly Dilly,Vixen,3,,0,0,0,0
Dilly Dilly,Vixen,4,,0,0,0,0
Dilly Dilly,Vixen,5,,0,0,0,0
Dilly Dilly,Vixen,6,,0,0,0,0
Dipstick,Vixen,0,,0,0,0,0
Dipstick,Vixen,1,,0,0,0,0
Dipstick,Vixen,2,,0,0,0,0
Dipstick,Vixen,3,,0,0,0,0
Dipstick,Vixen,4,,0,0,0,0
Dipstick,Vixen,5,,0,0,0,0
Dipstick,Vixen,6,,0,0,0,0
Fish Tape,Vixen,0,the-colosseum,3,5,0,0
Fish Tape,Vixen,1,,0,0,0,0
Fish Tape,Vixen,2,,0,0,0,0
Fish Tape,Vixen,3,,0,0,0,0
Fish Tape,Vixen,4,,0,0,0,0
Fish Tape,Vixen,5,,0,0,0,0
Fish Tape,Vixen,6,,0,0,0,0
Ginga,Vixen,0,the-colosseum,3,5,0,0
Ginga,Vixen,1,,0,0,0,0
Ginga,Vixen,2,,0,0,0,0
Ginga,Vixen,3,,0,0,0,0
Ginga,Vixen,4,,0,0,0,0
Ginga,Vixen,5,,0,0,0,0
Ginga,Vixen,6,,0,0,0,0
Go Daddy,Vixen,0,the-colosseum,3,5,0,0
Go Daddy,Vixen,1,,0,0,0,0
Go Daddy,Vixen,2,,0,0,0,0
Go Daddy,Vixen,3,,0,0,0,0
Go Daddy,Vixen,4,,0,0,0,0
Go Daddy,Vixen,5,,0,0,0,0
Go Daddy,Vixen,6,,0,0,0,0
Hackman,Vixen,0,the-colosseum,3,5,0,0
Hackman,Vixen,1,,0,0,0,0
Hackman,Vixen,2,,0,0,0,0
Hackman,Vixen,3,,0,0,0,0
Hackman,Vixen,4,,0,0,0,0
Hackman,Vixen,5,,0,0,0,0
Hackman,Vixen,6,,0,0,0,0
Hat Trick,Vixen,0,,0,0,0,0
Hat Trick,Vixen,1,the-silo,3,5,0,0
Hat Trick,Vixen,2,,0,0,0,0
Hat Trick,Vixen,3,,0,0,0,0
Hat Trick,Vixen,4,,0,0,0,0
Hat Trick,Vixen,5,,0,0,0,0
Hat Trick,Vixen,6,,0,0,0,0
Hydrant,Vixen,0,,0,0,0,0
Hydrant,Vixen,1,,0,0,0,0
Hydrant,Vixen,2,,0,0,0,0
Hydrant,Vixen,3,,0,0,0,0
Hydrant,Vixen,4,,0,0,0,0
Hydrant,Vixen,5,,0,0,0,0
Hydrant,Vixen,6,,0,0,0,0
Ollie,Vixen,0,the-colosseum,3,5,0,0
Ollie,Vixen,1,,0,0,0,0
Ollie,Vixen,2,,0,0,0,0
Ollie,Vixen,3,,0,0,0,0
Ollie,Vixen,4,,0,0,0,0
Ollie,Vixen,5,,0,0,0,0
Ollie,Vixen,6,,0,0,0,0
Quatro,Vixen,0,the-colosseum,3,5,0,0
Quatro,Vixen,1,the-silo,3,0,0,3
Quatro,Vixen,2,,0,0,0,0
Quatro,Vixen,3,,0,0,0,0
Quatro,Vixen,4,,0,0,0,0
Quatro,Vixen,5,,0,0,0,0
Quatro,Vixen,6,,0,0,0,0
Scuba Steve,Vixen,0,the-colosseum,3,5,0,0
Scuba Steve,Vixen,1,,0,0,0,2
Scuba Steve,Vixen,2,,0,0,0,0
Scuba Steve,Vixen,3,,0,0,0,0
Scuba Steve,Vixen,4,,0,0,0,0
Scuba Steve,Vixen,5,,0,0,0,0
Scuba Steve,Vixen,6,,0,0,0,0
Tweety,Vixen,0,the-colosseum,6,5,0,3
Tweety,Vixen,1,the-silo,3,0,0,3
Tweety,Vixen,2,,0,0,0,0
Tweety,Vixen,3,,0,0,0,0
Tweety,Vixen,4,,0,0,0,0
Tweety,Vixen,5,,0,0,0,0
Tweety,Vixen,6,,0,0,0,0
vern,Vixen,0,the-colosseum,3,5,0,0
vern,Vixen,1,the-silo,3,0,0,3
vern,Vixen,2,,0,0,0,0
vern,Vixen,3,,0,0,0,0
vern,Vixen,4,,0,0,0,0
vern,Vixen,5,,0,0,0,0
vern,Vixen,6,,0,0,0,0
